Time,Height,Avg Wicking Rate,Time_Uniform,Height_Model,Wicking_Rate,Modeled Avg Wicking Rate
0.29995,0.6986899563318777,2.3293547468974087,0.0,0.0,0.0,0.0
0.498958,1.3973799126637554,2.8005962679499183,0.171049802306425,3.0307753743449384,9.958172535646504,17.71867218481489
0.666232,2.096069868995633,3.146156097268869,0.3420996046128501,4.504614840909575,7.664100952114538,13.167553484919669
0.833109,2.7947598253275108,3.354614852711363,0.5131494069192751,5.718793543813037,6.634292277915361,11.144499957909286
0.996554,3.4934497816593884,3.505529837479342,0.6841992092257002,6.796580063736025,6.010801742270642,9.933627475874506
1.16236,4.192139737991266,3.606576050441572,0.8552490115321253,7.785749755272901,5.577903025306425,9.103488750399391
1.328896,4.890829694323144,3.6803705439124985,1.0262988138385505,8.71082687844007,5.252357957060468,8.487612731286262
1.495599,5.5895196506550215,3.737311706316347,1.1973486161449751,9.586398134451596,4.994341736752322,8.006355045798017
1.662169,6.288209606986899,3.7831349321199585,1.3683984184514004,10.421982911898134,4.782089138190969,7.616190410167649
1.828829,6.986899563318777,3.820422556356432,1.5394482207578255,11.224206637965516,4.602567315592546,7.29105824192006
1.995379,7.685589519650654,3.8516940990411617,1.7104980230642506,11.997904845015562,4.447432360410569,7.0142757742111055
2.161938,8.384279475982533,3.878131322906824,1.8815478253706757,12.746738258672249,4.311061431950707,6.774602317727995
2.328523,9.08296943231441,3.900742845277633,2.0525976276771005,13.473560116583617,4.189508467449761,6.564150681510569
2.495254,9.781659388646288,3.92010568408919,2.223647429983526,14.180647774555789,4.079911356198719,6.377201521853151
2.662146,10.480349344978166,3.936804872827473,2.3946972322899507,14.869855275146191,3.9801366791453368,6.209492822158047
2.828442,11.179039301310045,3.9523664622820776,2.565747034596376,15.54271754044122,3.8885571252917615,6.057774726371762
2.995109,11.87772925764192,3.965708512659112,2.736796836902801,16.20052371235576,3.8039067402228346,5.919520036675317
3.161628,12.576419213973798,3.977830160276224,2.9078466392092257,16.84437012236627,3.7251837605916087,5.792729883081803
3.328235,13.275109170305676,3.988633365824732,3.078896441515651,17.47519940713471,3.651583587159005,5.675799670135114
3.494785,13.973799126637552,3.998471759103222,3.249946243822076,18.09382995741531,3.5824514369358647,5.567424381806449
3.661386,14.672489082969433,4.007359257660742,3.420996046128501,18.700978469319285,3.517248191460402,5.466530278654648
3.828064,15.371179039301309,4.015392386151671,3.592045848434926,19.297277475709215,3.4555253038795275,5.372224712587436
3.994648,16.069868995633186,4.022849821970092,3.7630956507413513,19.883289159687124,3.3969060554794885,5.283758640514493
4.161167,16.768558951965066,4.0297731266169,3.934145453047776,20.459516370935592,3.3410713462472605,5.200498206055304
4.327765,17.46724890829694,4.036089969833607,4.105195255354201,21.02641150772931,3.2877487777670655,5.121902905910654
4.494334,18.16593886462882,4.041964585771511,4.276245057660626,21.584383749440896,3.2367041632871265,5.047508610568007
4.661267,18.864628820960696,4.047103249172531,4.447294859967052,22.13380499934624,3.187734851940731,4.976914213309036
4.827674,19.563318777292576,4.05232805224474,4.6183446622734765,22.675014808300308,3.1406644260791756,4.90977102543448
4.994316,20.26200873362445,4.057013759967221,4.789394464579901,23.208324485221205,3.095338449938734,4.845774274150732
5.162481,20.96069868995633,4.060198708713181,4.960444266886326,23.734020552873194,3.0516210318475663,4.78465622753001
5.329088,21.659388646288207,4.0643706101847465,5.131494069192752,24.252367672175502,3.009392022154172,4.726180590907455
5.495977,22.35807860262009,4.068080816681017,5.302543871499177,24.76361113175478,2.968544712448007,4.670137905856386
5.662392,23.05676855895197,4.071913170079353,5.473593673805602,25.267978979320223,2.9289839334105174,4.616341746418357
5.82929,23.75545851528384,4.0751890050561626,5.6446434761120265,25.7656838559903,2.890624472154035,4.564625554302934
5.995576,24.45414847161572,4.078698772497542,5.815693278418451,26.25692458273887,2.853389747499349,4.514839989958912
6.162154,25.152838427947597,4.08182567783077,5.986743080724877,26.741887538789175,2.817210694931182,4.466850702995469
6.328894,25.851528384279476,4.084683419295611,6.157792883031302,27.22074786443386,2.7820248230985527,4.420536445687319
6.495322,26.55021834061135,4.087590783122277,6.328842685337727,27.69367051493102,2.7477754115115447,4.375787468866941
6.662025,27.24890829694323,4.090184035175976,6.499892487644152,28.16081118747261,2.7144108251171675,4.332504151569333
6.828871,27.947598253275107,4.092564972053961,6.6709422899505775,28.622317139481012,2.68188392614479,4.290595825210334
6.995266,28.646288209606983,4.095096342241594,6.841992092257002,29.078327913464356,2.650151567312467,4.2499797604811524
7.161745,29.344978165938866,4.097462024400319,7.013041894563427,29.528975981200247,2.6191741534141046,4.21058029099917
7.32848,30.04366812227074,4.099577009457724,7.184091696869852,29.97438731800403,2.588915260639732,4.172328052419491
7.494994,30.742358078602617,4.10171883774725,7.355141499176277,30.414681916182175,2.5593413048495055,4.135159319448634
7.661591,31.441048034934497,4.10372310854684,7.526191301482703,30.84997424540308,2.530421251527435,4.099015426212387
7.82833,32.13973799126637,4.105567597593148,7.697241103789128,31.28037366658091,2.50212636136017,4.063842257868536
7.994895,32.83842794759825,4.107424543736753,7.868290906095552,31.705984804920732,2.474429966378895,4.0295898033406665
8.161675,33.53711790393013,4.109097446777791,8.039340708401978,32.1269078869786,2.447307272414643,3.9962117606736727
8.328142,34.23580786026201,4.110857843233462,8.210390510708402,32.54323904592263,2.420735184284898,3.9636651878468037
8.494607,34.23580786026201,4.030299207516252,8.381440313014828,32.95507059861694,2.3946921506805614,3.931910192982441
8.661958,34.93449781659388,4.033094805654089,8.552490115321252,33.36249129767196,2.369158026179339,3.9009096588027785
8.827864,34.93449781659388,3.957299049531561,8.723539917627678,33.76558656119823,2.34411394819204,3.870628996947447
8.994792,34.93449781659388,3.883858327862822,8.894589719934103,34.16443868265334,2.3195422269662376,3.8410359284010296
9.161104,35.633187772925766,3.889617209118657,9.065639522240527,34.559127022874264,2.2954262470384097,3.8121002868127665
9.327757,36.33187772925764,3.895028325593992,9.236689324546951,34.94972818613229,2.27175037875023,3.7837938419398482
9.4943,36.33187772925764,3.82670420454985,9.40773912685338,35.33631618182712,2.2484998986343157,3.7560901408249516
9.660885,37.03056768558952,3.833040936269246,9.578788929159805,35.71896257324678,2.2256609176354827,3.7289643646401798
9.827537,37.03056768558952,3.768041543429398,9.749838731466228,36.09773661465516,2.203220316270209,3.702393199402859
9.994174,37.03056768558952,3.705215427066761,9.920888533772652,36.47270537782558,2.1811656859435686,3.6763547190017634
10.160725,37.72925764192139,3.713244639720236,10.091938336079078,36.84393386901395,2.159485275742542,3.650828279171647
10.327336,37.72925764192139,3.6533388321946134,10.262988138385504,37.2114851372565,2.1381679441101484,3.6257944212249993
10.49407,37.72925764192139,3.5952931171529627,10.434037940691928,37.57542037478093,2.1172031148783375,3.601234784496973
10.660646,38.42794759825328,3.604654689617616,10.605087742998354,37.93579901023685,2.096580737201015,3.577132026586264
10.827247,38.42794759825328,3.549189151984182,10.776137545304778,38.29267879537702,2.0762912489833836,3.553469750584369
10.99378,38.42794759825328,3.495426286341302,10.947187347611203,38.64611588575668,2.0563255434512944,3.530232438580645
11.160346,39.12663755458515,3.50586241274107,11.11823714991763,38.996164915960286,2.0366749385455702,3.5074053908131644
11.327318,39.12663755458515,3.45418373127559,11.289286952224051,39.34287906981463,2.0173311488622105,3.484974669907196
11.493609,39.82532751091703,3.464997592219905,11.46033675453048,39.68631014600233,1.9982862598907272,3.4629270497059
11.660219,39.82532751091703,3.4154870942747326,11.631386556836905,40.02650861944926,1.9795327043303128,3.4412499682526465
11.827099,40.5240174672489,3.4263700225430513,11.802436359143329,40.363523698824665,1.9610632402875416,3.419931484532438
11.993538,40.5240174672489,3.37882095068602,11.973486161449754,40.697403380460045,1.942870931180447,3.3989602386221316
12.160359,40.5240174672489,3.3324688413597743,12.144535963756178,41.02819449896552,1.924949127192356,3.378325414936309
12.326544,41.222707423580786,3.344222632359953,12.315585766062604,41.3559427747961,1.9072914481352443,3.3580167082883254
12.493294,41.222707423580786,3.299586756189423,12.486635568369028,41.68069285899843,1.8898917675968372,3.3380242925150614
12.660178,41.92139737991266,3.3112802505551393,12.657685370675454,42.00248837534738,1.8727441982584565,3.318338791439402
12.826464,41.92139737991266,3.26835185284991,12.82873517298188,42.321371960064205,1.8558430782819664,3.2989512519671984
12.993457,42.62008733624454,3.2801191658420494,12.999784975288303,42.637385299290926,1.839182958674218,3.2798531191355598
13.159738,42.62008733624454,3.2386729383399984,13.17083477759473,42.950569164481095,1.822758591546353,3.261036212947223
13.326226,43.318777292576414,3.2506410511555495,13.341884579901157,43.260963445853506,1.806564919193297,3.2424927068417198
13.49328,43.318777292576414,3.2103963819454138,13.51293438220758,43.5686071840432,1.7905970639258777,3.2242151076682344
13.659471,44.0174672489083,3.22248696519128,13.683984184514005,43.87353860007323,1.7748503185943492,3.2061962370377755
13.826473,44.0174672489083,3.1835644020646696,13.855033986820429,44.175795123760594,1.759320137747816,3.188429213943663
13.992948,44.71615720524017,3.195620908849241,14.026083789126854,44.4754134206608,1.7440021293791044,3.170907438549493
14.159363,44.71615720524017,3.158062774804218,14.19713359143328,44.77242941764709,1.7288920472092264,3.1536245770528852
14.325842,45.41484716157205,3.1701345834731423,14.368183393739704,45.06687832721313,1.7139857834696777,3.1365745475415503
14.492549,45.41484716157205,3.133668698416824,14.53923319604613,45.358794670580984,1.6992793621445004,3.119751506765575
14.659113,45.41484716157205,3.0980624244844863,14.710282998352554,45.64821229968979,1.6847689326373838,3.1031498377564906
14.825766,46.11353711790393,3.110364558425105,14.88133280065898,45.93516441813552,1.6704507638320565,3.0867641382297024
14.992383,46.11353711790393,3.0757976979312716,15.052382602965404,46.21968360112609,1.656321238516958,3.0705892097122587
15.158863,46.81222707423581,3.088109383549136,15.22343240527183,46.50180181451222,1.642376848147609,3.054620047342857
15.591474,46.81222707423581,3.0024247274013867,15.394482207578257,46.78155043294946,1.6286141879223313,3.0388518302954197
15.757093,47.51091703056768,3.015208264022284,15.56553200988468,47.05896025724306,1.6150299521489773,3.0232799127815806
15.923714,47.51091703056768,2.9836580229064453,15.736581812191105,47.33406153092387,1.6016209298821469,3.007899815591099
16.090205,48.20960698689956,2.9962083756483873,15.90763161449753,47.606883956099665,1.5883840008120391,2.9927072181325096
16.257183,48.20960698689956,2.9654342321729144,16.078681416803956,47.87745670862349,1.5753161313875852,2.977697950939334
16.423512,48.20960698689956,2.9354018182529753,16.24973121911038,48.14580845261791,1.5624143711578795,2.962867988609952
16.590102,48.90829694323144,2.948040762090036,16.420781021416804,48.41196735439097,1.5496758493171865,2.948213443151678
16.756648,48.90829694323144,2.9187398901756154,16.59183082372323,48.67596109577756,1.5370977714399328,2.9337305577019257
16.923258,48.90829694323144,2.890004805412258,16.762880626029656,48.93781688693781,1.5246774163931378,2.9194157006013888
17.089849,49.60698689956332,2.9027165131513635,16.93393042833608,49.197561478641546,1.512412133414686,2.9052653597960765
17.256482,49.60698689956332,2.8746871407256314,17.104980230642504,49.4552211740665,1.5002993393467214,2.891276137546804
17.423063,49.60698689956332,2.847202406348603,17.27603003294893,49.71082184013578,1.4883365160142328,2.877444745426296
17.589788,50.30567685589519,2.859936507244726,17.447079835255355,49.964388918418734,1.476521207739638,2.8637679995855567
17.756399,51.00436681222707,2.8724499157868144,17.61812963756178,50.2159474356177,1.4648510189848372,2.850242816272478
17.923,51.70305676855895,2.8847322863671794,17.789179439868207,50.46552201366181,1.453323612112826,2.836866207586902
18.089567,52.40174672489083,2.896793866038409,17.96022924217463,50.713136879427466,1.4419367052615253,2.8236352774574667
18.256265,52.40174672489083,2.870343234220736,18.131279044481055,50.95881587410449,1.4306880703230005,2.810547217826629
18.422817,52.40174672489083,2.8443938147402124,18.30232884678748,51.202582462224896,1.419575531021722,2.797599305031187
18.589475,53.1004366812227,2.8564785547317877,18.473378649093902,51.444459740371215,1.4085969610859677,2.7847888963665293
18.756049,53.1004366812227,2.8311099358517726,18.64442845140033,51.684470445579535,1.397750282506857,2.7721134268236396
18.922607,53.1004366812227,2.80619032468532,18.81547825370676,51.92263696345181,1.3870334638799051,2.75957040598863
19.089212,53.79912663755458,2.8183000239902296,18.98652805601318,52.158981335991314,1.3764445188243086,2.7471574150952867
19.255895,53.79912663755458,2.7939042375103615,19.157577858319605,52.393525269174006,1.3659815044755088,2.7348721042217217
19.422464,53.79912663755458,2.769943434445526,19.32862766062603,52.62629014026795,1.3556425200468716,2.7227121896228534
19.589096,54.49781659388646,2.7820485740580607,19.499677462932457,52.85729700491245,1.3454257054565888,2.710675451190951
19.755663,54.49781659388646,2.7585921360313983,19.67072726523888,53.08656660396757,1.3353292400161731,2.6987597300370014
19.922318,54.49781659388646,2.735515846794859,19.841777067545305,53.31411937014433,1.3253513411771387,2.6869629261861276
20.088829,54.49781659388646,2.712841878134682,20.012826869851732,53.53997543442537,1.3154902633326897,2.6752829963807123
20.25739,55.19650655021834,2.724759041032351,20.183876672158156,53.76415463228494,1.3057442966714312,2.6637179519852974
20.423965,55.19650655021834,2.7025362876512147,20.35492647446458,53.986676509717334,1.296111766080315,2.652265856987696
20.590475,55.19650655021834,2.680681555438538,20.525976276771008,54.20756032908142,1.286591030094193,2.640924826091095
20.757386,55.895196506550214,2.692785907943814,20.697026079077432,54.42682507476951,1.277180479889526,2.629693022892281
20.923716,55.895196506550214,2.671380002794447,20.868075881383856,54.644489458707625,1.2678785383199431,2.6185686581413705
21.090212,55.895196506550214,2.6502908793211852,21.03912568369028,54.86057192569419,1.2586836589914794,2.607549988078763
21.256873,55.895196506550214,2.6295117116496964,21.210175485996707,55.075090658583875,1.249594325375459,2.5966353128452577
21.423418,56.5938864628821,2.6416833421670667,21.38122528830313,55.288063583322725,1.2406090499571136,2.5858229749615314
21.590146,56.5938864628821,2.6212831753375867,21.552275090609555,55.499508373840584,1.2317263734181294,2.575111357873398
21.756907,56.5938864628821,2.601191725592342,21.723324892915983,55.70944245680651,1.2229448638514302,2.564498884559493
21.923078,57.29257641921397,2.6133454626770005,21.894374695222407,55.91788301625247,1.2142631160066044,2.553984016198205
22.089838,57.29257641921397,2.5936168666883828,22.06542449752883,56.12484699807055,1.205679750564467,2.543565250890874
22.257246,57.29257641921397,2.57410896295139,22.23647429983526,56.330351114388435,1.197193413439344,2.533241122438451
22.423381,57.29257641921397,2.5550373701099747,22.40752410214168,56.53441184782772,1.1888027751077432,2.523010199168959
22.590143,57.99126637554585,2.567104881786089,22.578573904448103,56.73704545564978,1.1805065299621424,2.5128710828132625
22.756272,57.99126637554585,2.5483640894934747,22.749623706754537,56.93826797379296,1.1723033956887214,2.5028224074267897
22.922887,57.99126637554585,2.5298413055714075,22.92067350906096,57.13809522080537,1.1641921126678942,2.492862838354974
23.089667,58.68995633187773,2.5418277505638227,23.09172331136738,57.336542801677055,1.156171443396596,2.482991071240315
23.256213,58.68995633187773,2.523624819392466,23.26277311367381,57.533626111575074,1.148240171931311,2.4732058310690794
23.422661,58.68995633187773,2.5056912334545474,23.433822915980233,57.729360339485055,1.1403971033508968,2.463505871255759
23.589413,58.68995633187773,2.487978667882822,23.604872718286657,57.92376047176245,1.1326410632383097,2.453889972763505
23.755832,58.68995633187773,2.4705493931712312,23.77592252059308,58.11684129559675,1.1249708971803682,2.444356943258875
23.922882,58.68995633187773,2.4532979066601475,23.94697232289951,58.30861740239159,1.11738547028477,2.434905616299287
24.089101,58.68995633187773,2.436369723049346,24.118022125205933,58.49910319106367,1.1098836667135827,2.4255348505516876
24.25588,59.38864628820961,2.448422662389887,24.289071927512357,58.68831287126318,1.102464389232495,2.4162435290410014
24.422405,59.38864628820961,2.431728009105148,24.460121729818784,58.87626046651856,1.0951265587751398,2.4070305584270186
24.589065,60.08733624454148,2.4436608811494653,24.631171532125208,59.06295981730783,1.0878691140218426,2.397894868308434
24.755897,60.08733624454148,2.4271928520522397,24.802221334431632,59.24842458405914,1.0806910109921746,2.3888354105528298
24.922207,60.08733624454148,2.410995793612559,24.973271136738056,59.43266825008274,1.0735912226507291,2.379851158651445
25.088794,60.08733624454148,2.394987030645693,25.144320939044484,59.61570412443665,1.066568738525565,2.370941107097646
25.520283,60.78602620087336,2.3818711650209115,25.315370741350907,59.797545344727965,1.0596225643387882,2.3621042707880555
25.686875,60.78602620087336,2.3664235607045763,25.48642054365733,59.97820487985224,1.0527517216487676,2.3533396844453582
25.85364,60.78602620087336,2.351159302940451,25.65747034596376,60.157695532672335,1.0459552475035157,2.344646402061842
26.020093,61.484716157205234,2.3629706533794956,25.828520148270183,60.33602994263914,1.0392321941047722,2.3360234963628
26.186781,61.484716157205234,2.3479295205166775,25.999569950576607,60.51322058835554,1.032581628482366,2.3274700582889256
26.353373,61.484716157205234,2.333087159552792,26.17061975288303,60.689279790085706,1.0260026321784363,2.318985196496923
26.519963,61.484716157205234,2.3184314456700124,26.34166955518946,60.86421971221099,1.0194943009411357,2.310568036877541
26.68659,62.18340611353712,2.33013682578168,26.51271935749588,61.0380523656344,1.0130557444274249,2.3022177220903317
26.853213,62.18340611353712,2.315678429748318,26.68376915980231,61.21078961013485,1.0066860859146214,2.293933411114412
27.019786,62.18340611353712,2.301402613386246,26.854818962108737,61.38244315667289,1.000384462020354,2.2857142788145954
27.186383,62.18340611353712,2.287299715947396,27.02586876441516,61.55302456964918,0.9941500224306004,2.2775595155222454
27.35296,62.88209606986899,2.298913758140581,27.196918566721585,61.72254526911711,0.9879819296355088,2.269468326630261
27.519625,62.88209606986899,2.284991022583665,27.36796836902801,61.89101653295092,0.9818793586726992,2.261439932201625
27.686208,62.88209606986899,2.271242637123473,27.539018171334433,62.05844949897045,0.9758414968777732,2.2534735665909666
27.853287,62.88209606986899,2.257618501897783,27.710067973640857,62.22485516702395,0.96986754364176,2.245568478078625
28.019473,63.58078602620087,2.269164235394465,27.881117775947285,62.39024440102981,0.9639567101752456,2.237723928516709
28.186098,63.58078602620087,2.2557498390235096,28.05216757825371,62.55462793097864,0.95810821927894,2.2299391929866963
28.352624,63.58078602620087,2.242500941930485,28.223217380560133,62.71801635489655,0.9523213051204508,2.2222135594681025
28.519194,63.58078602620087,2.2294033283760006,28.39426718286656,62.88042014077078,0.9465952130170372,2.2145463285178066
28.685832,63.58078602620087,2.2164525688570187,28.565316985172984,63.041849628438726,0.9409291992241382,2.2069368129596114
28.85239,64.27947598253274,2.2278735308420807,28.736366787479408,63.2023150314412,0.9353225307294606,2.19938433758365
29.01905,64.27947598253274,2.2150785770910058,28.907416589785832,63.361826438840914,0.9297744850524432,2.1918882388552574
29.185659,64.27947598253274,2.2024335987250705,29.07846639209226,63.520393817007225,0.9242843500489012,2.18444786463296
29.352279,64.27947598253274,2.189931350220974,29.249516194398684,63.67802701136776,0.9188514237206789,2.177062573895228
29.518795,64.97816593886462,2.2012472371878533,29.420565996705108,63.834735748128,0.9134750140301342,2.169731736475669
29.685387,64.97816593886462,2.1888940150540948,29.591615799011535,63.99052963595947,0.908154438719295,2.162454732806344
29.85215,64.97816593886462,2.176666201223852,29.76266560131796,64.14541816765743,0.9028890251335284,2.155230953668912
30.018636,64.97816593886462,2.164594218700164,29.933715403624383,64.29941072176865,0.8976781100495719,2.148059799953308
30.185266,64.97816593886462,2.1526451328560308,30.10476520593081,64.45251656419046,0.8925210395077813,2.1409406824236896
30.353872,65.6768558951965,2.163706030492469,30.275815008237235,64.60474484974098,0.8874171686484622,2.133873021491371
30.520108,65.6768558951965,2.1519208220100827,30.44686481054366,64.75610462370214,0.8823658615521434,2.1268562469945116
30.686847,65.6768558951965,2.1402282187934296,30.61791461285009,64.90660482333541,0.8773664910836709,2.1198897979843028
30.853594,65.6768558951965,2.128661442008879,30.78896441515651,65.05625427937134,0.8724184387400005,2.112973122517432
31.019991,65.6768558951965,2.117242906201891,30.960014217462938,65.20506171747328,0.8675210945015658,2.1061056774545825
31.186538,66.37554585152839,2.128339665387944,31.13106401976936,65.35303575967603,0.8626738566871137,2.099286928264786
31.353355,66.37554585152839,2.1170157340906064,31.302113822075786,65.50018492579996,0.8578761318118984,2.0925163488353946
31.519825,66.37554585152839,2.1058348468472903,31.47316362438221,65.64651763484106,0.8531273344491271,2.0857934212874873
31.686753,66.37554585152839,2.094741163650576,31.644213426688633,65.79204220633773,0.8484268870945586,2.0791176357965315
31.852881,66.37554585152839,2.08381608720192,31.81526322899506,65.93676686171443,0.843774220034159,2.072488490418099
32.019855,66.37554585152839,2.0729496074085403,31.986313031301485,66.08069972560321,0.8391687712147209,2.0659054909184844
32.186621,67.07423580786026,2.0839166623877747,32.15736283360791,66.22384882714316,0.8346099861173575,2.05936815061004
32.352778,67.07423580786026,2.073214108781022,32.32841263591433,66.36622210125859,0.8300973176337842,2.052875990191084
32.519407,67.07423580786026,2.0625909878325968,32.49946243822076,66.50782738991617,0.8256302259453083,2.046428537590213
32.686339,67.07423580786026,2.052057154759983,32.67051224052719,66.64867244336168,0.8212081784044432,2.0400253278148845
32.852696,67.07423580786026,2.041666102771604,32.84156204283361,66.78876492133668,0.8168306494190742,2.0336659028041186
33.019622,67.77292576419214,2.0525045914878173,33.012611845140036,66.92811239427566,0.8124971203390988,2.027349811285183
33.186116,67.77292576419214,2.0422072219657204,33.18366164744646,67.06672234448385,0.8082070793454739,2.021076608634139
33.352503,67.77292576419214,2.0320191790161037,33.354711449752884,67.20460216729643,0.8039600213415983,2.0148458567401075
33.519101,67.77292576419214,2.021919554590445,33.52576125205931,67.34175917221927,0.7997554478469643,2.0086571238731477
33.685754,67.77292576419214,2.011916543836072,33.69681105436574,67.47820058405162,0.7955928668930201,2.0025099845556213
33.852472,68.47161572052401,2.0226474368112326,33.86786085667216,67.61393354399121,0.7914717929211732,1.9964040194369372
34.019334,68.47161572052401,2.0127265195880675,34.03891065897859,67.74896511072225,0.7873917466828813,1.9903388151715666
34.18554,68.47161572052401,2.002940884377547,34.20996046128501,67.88330226148621,0.783352255141773,1.9843139643002192
34.352089,68.47161572052401,1.9932300396789264,34.381010263591435,68.01695189313618,0.7793528513777404,1.9783290651340837
34.518744,68.47161572052401,1.983606811433348,34.55206006589786,68.14992082317511,0.775393074492953,1.972383721642045
34.685043,69.17030567685589,1.9942401592771817,34.72310986820428,68.28221579077791,0.7714724695197407,1.9664775433407673
34.852143,69.17030567685589,1.98467869470339,34.89415967051071,68.41384345779808,0.767590587330294,1.960610145187565
35.018542,69.17030567685589,1.9752480179459184,35.06520947281714,68.54481040975907,0.763746984548137,1.9547811474759793
35.45013,69.17030567685589,1.9512003390920112,35.23625927512356,68.6751231568305,0.7599412234613256,1.9489901757339616
35.616691,69.86899563318777,1.9616925006645831,35.407309077429986,68.80478813478985,0.7561728719373221,1.943236860624597
35.783313,69.86899563318777,1.9525580438342245,35.57835887973641,68.93381170596966,0.7524415033395101,1.937520837849291
35.949909,69.86899563318777,1.943509665996311,35.749408682042834,69.06220016019051,0.7487466964453019,1.9318417480533299
36.116541,69.86899563318777,1.9345428354611192,35.92045848434926,69.18995971568029,0.7450880353657989,1.9261992367337608
36.283105,70.56768558951964,1.9449185947431908,36.09150828665569,69.31709651997961,0.7414651094669694,1.9205929541495113
36.449671,70.56768558951964,1.936030796808005,36.26255808896211,69.44361665083423,0.7378775132923002,1.9150225552336873
36.616305,70.56768558951964,1.927220280405673,36.43360789126854,69.56952611707398,0.7343248464868891,1.9094876995079755
36.782923,70.56768558951964,1.918490425285659,36.60465769357496,69.69483085947903,0.730806713722943,1.903988050999101
36.949502,70.56768558951964,1.9098413177400777,36.775707495881385,69.81953675163359,0.7273227246266439,1.8985232781572694
37.116075,70.56768558951964,1.9012701528790328,36.94675729818781,69.94364960076705,0.7238724937063523,1.8930930537765405
37.282712,71.26637554585153,1.911512648163887,37.11780710049424,70.067175148583,0.7204556402821152,1.8876970549170733
37.449395,71.26637554585153,1.9030047226624496,37.28885690280066,70.19011907207646,0.7170717884164463,1.8823349628291952
37.615981,71.26637554585153,1.89457708269928,37.45990670510709,70.31248698433909,0.7137205668463487,1.8770064628792322
37.782586,71.26637554585153,1.88622281031403,37.630956507413515,70.43428443535312,0.7104016089165518,1.8717112444770614
37.949169,71.26637554585153,1.877942980671106,37.802006309719935,70.5555169127739,0.7071145525139313,1.8664490010053285
38.115731,71.26637554585153,1.8697365543337352,37.97305611202636,70.67618984270123,0.7038590400030866,1.8612194297502838
38.282364,71.26637554585153,1.8615980858928023,38.14410591433278,70.79630859043989,0.7006347181630505,1.8560222318341961
38.448968,71.9650655021834,1.8717034356340436,38.31515571663921,70.91587846124939,0.6974412381250983,1.8508571121492947
38.615588,71.9650655021834,1.8636273388400408,38.48620551894564,71.0349047010832,0.6942782553116409,1.8457237792932013
38.782216,71.9650655021834,1.8556202539376143,38.65725532125206,71.15339249731755,0.6911454293761696,1.840621945505804
38.94882,71.9650655021834,1.8476828181748104,38.828305123558486,71.27134697947011,0.6880424241442307,1.8355513266075396
39.115345,71.9650655021834,1.8398167139311543,38.999354925864914,71.38877321990864,0.6849689075554106,1.830511641939047
39.281978,71.9650655021834,1.8320122653238948,39.170404728171334,71.50567623454987,0.6819245516063035,1.8255026143021449
39.448693,72.66375545851528,1.8419813163015384,39.34145453047776,71.6220609835485,0.6789090322944427,1.820523969902104
39.615228,72.66375545851528,1.834237971784872,39.51250433278419,71.73793237197697,0.6759220295631758,1.8155754382911842
39.781909,72.66375545851528,1.826552754381779,39.68355413509061,71.8532952504957,0.6729632272474595,1.8106567523133885
39.948493,72.66375545851528,1.8189360849861167,39.85460393739704,71.96815441601414,0.6700323130205575,1.8057676480504121
40.115088,72.66375545851528,1.8113821776613148,40.025653739703465,72.08251461234285,0.6671289783416199,1.8009078647687538
40.283436,72.66375545851528,1.803812253217806,40.196703542009885,72.19638053083663,0.6642529184041261,1.7960771448679527
40.450039,73.36244541484716,1.8136557399820348,40.36775334431631,72.30975681102898,0.6614038320851736,1.7912752338299258
40.616669,73.36244541484716,1.8062152121545751,40.53880314662274,72.4226480412578,0.6585814218955927,1.7865018801693775
40.783241,73.36244541484716,1.798838042686386,40.70985294892916,72.53505875928289,0.6557853939308724,1.7817568353852495
40.94979,73.36244541484716,1.7915218958350496,40.88090275123559,72.64699345289478,0.6530154578228781,1.7770398539131842
41.116405,73.36244541484716,1.7842621555762757,41.051952553542016,72.75845656051573,0.6502713266923463,1.7723506930789832
41.283005,73.36244541484716,1.7770616604786196,41.22300235584843,72.86945247179233,0.6475527171021412,1.7676891130530217
41.449932,74.06113537117903,1.786761323786467,41.394052158154864,72.97998552818046,0.6448593490112539,1.7630548768056038
41.616224,74.06113537117903,1.7796217016512366,41.56510196046129,73.09006002352226,0.642190945729533,1.7584477500632383
41.782788,74.06113537117903,1.7725273711074292,41.73615176276771,73.19968020461543,0.6395472338731312,1.7538675012657956
41.949663,74.06113537117903,1.765476289313195,41.90720156507414,73.30885027177511,0.6369279433206496,1.7493139015245391
42.115975,74.06113537117903,1.7585045905070231,42.07825136738056,73.41757437938816,0.6343328071699731,1.7447867245810058
42.282972,74.06113537117903,1.7515593599044796,42.24930116968699,73.52585663646012,0.6317615616957747,1.7402857467667046
42.449206,74.75982532751091,1.7611595686268176,42.420350971993415,73.63370110715518,0.6292139463076825,1.7358107469636286
42.615822,74.75982532751091,1.7542739250110184,42.591400774299835,73.74111181132866,0.626689703509093,1.7313615065655446
42.782854,74.75982532751091,1.7474249223184342,42.76245057660626,73.84809272505296,0.6241885788566177,1.7269378094400534
42.949042,74.75982532751091,1.7406633965784597,42.93350037891269,73.95464778113615,0.6217103209201538,1.7225394418913924
43.1156,74.75982532751091,1.733939115482816,43.10455018121911,74.06078086963419,0.6192546812435623,1.7181661926239722
43.282599,74.75982532751091,1.7272489881559774,43.27559998352554,74.16649583835624,0.6168214143059468,1.7138178527066168
43.448946,75.45851528384279,1.7367168189498263,43.446649785831966,74.2717964933635,0.6144102774835182,1.7094942155375044
43.615471,75.45851528384279,1.7300859890712357,43.617699588138386,74.37668659946146,0.6120210310120353,1.705195076809778
43.782295,75.45851528384279,1.7234938297282678,43.78874939044481,74.48116988068595,0.6096534379498103,1.7009202344778214
43.948761,75.45851528384279,1.7169657020329376,43.95979919275124,74.58525002078278,0.6073072641412693,1.696669488724178
44.11555,75.45851528384279,1.7104743176463353,44.13084899505766,74.68893066368113,0.6049822781810569,1.6924426419270964
44.281951,75.45851528384279,1.7040467635186802,44.30189879736409,74.79221541396113,0.6026782513786726,1.6882394986286948
44.448462,75.45851528384279,1.6976631336274983,44.47294859967052,74.8951078373151,0.6003949577236356,1.6840598655037224
44.615433,75.45851528384279,1.691309715269216,44.64399840197694,74.99761146100306,0.5981321738511602,1.679903551328906
44.781695,76.15720524017466,1.7006324847725094,44.81504820428336,75.0997297743024,0.595889679008338,1.6757703669528683
44.948326,76.15720524017466,1.6943279542863212,44.98609800658979,75.2014662289518,0.5936672550208165,1.6716601252666081
45.114826,76.15720524017466,1.6880748967129933,45.15714780889621,75.30282423958937,0.5914646862599645,1.6675726411745229
45.546367,76.15720524017466,1.6720807883573825,45.32819761120264,75.4038071841855,0.5892817596105144,1.663507731565965
45.713165,76.15720524017466,1.6659797071625793,45.49924741350907,75.50441840446985,0.5871182644386767,1.6594652152873197
45.879707,76.85589519650655,1.6751609855857743,45.67029721581549,75.60466120635323,0.5849739925607143,1.6554449131145912
46.046306,76.85589519650655,1.6691001270874268,45.841347018121915,75.704538860344,0.5828487382119698,1.6514466477264864
46.212869,76.85589519650655,1.663084263314328,46.012396820428336,75.80405460195922,0.5807422980163401,1.6474702436779851
46.379578,76.85589519650655,1.657106392742654,46.18344662273476,75.90321163213062,0.5786544709561858,1.6435155273743836
46.54597,76.85589519650655,1.651182587805272,46.35449642504119,76.00201311760557,0.5765850583426727,1.639582327045807
46.712664,76.85589519650655,1.6452903477418148,46.52554622734761,76.10046219134273,0.574533863786535,1.6356704727221676
46.879286,76.85589519650655,1.6394425289776502,46.69659602965404,76.1985619529031,0.5725006931692521,1.631779796208577
47.045996,77.55458515283843,1.648484286587076,46.867645831960466,76.2963154688359,0.570485354614637,1.6279101310611837
47.212508,77.55458515283843,1.642670310012729,47.03869563426689,76.39372577305974,0.5684876584608218,1.6240613125634422
47.37915,77.55458515283843,1.6368927081393063,47.209745436573314,76.49079586723906,0.5665074172326398,1.6202331777027918
47.545736,77.55458515283843,1.6311575269933445,47.38079523887974,76.58752872115568,0.5645444456143945,1.616425565147743
47.712323,77.55458515283843,1.6254623601713636,47.55184504118616,76.6839272730761,0.5625985604230106,1.6126383152253654
47.878944,77.55458515283843,1.6198056739271116,47.72289484349259,76.77999443011379,0.5606695805815565,1.6088712698991556
48.045532,77.55458515283843,1.614189330921311,47.89394464579902,76.87573306858738,0.5587573270931396,1.6051242727472956
48.212157,77.55458515283843,1.6086105658545506,48.06499444810544,76.97114603437416,0.5568616230151605,1.6013971689412752
48.378754,77.55458515283843,1.6030711570793748,48.236044250411865,77.06623614325927,0.5549822934339242,1.597689805224881
48.54531,78.2532751091703,1.6119636502304815,48.40709405271829,77.1610061812807,0.5531191654396032,1.5940020298935447
48.71197,78.2532751091703,1.6064485815123122,48.57814385502471,77.25545890506976,0.5512720681015431,1.5903336927740352
48.878481,78.2532751091703,1.600976002285552,48.74919365733114,77.34959704218777,0.5494408324439082,1.5866846452044967
49.045393,78.2532751091703,1.5955275372993811,48.92024345963757,77.44342329145812,0.547625291421661,1.5830547400148174
49.211741,78.2532751091703,1.5901342549366482,49.09129326194399,77.53694032329469,0.5458252798968695,1.579443831507328
49.378352,78.2532751091703,1.584768870155292,49.262343064250416,77.63015078002596,0.5440406346153357,1.5758517754378192
49.544939,78.2532751091703,1.5794403361596692,49.43339286655685,77.72305727621529,0.5422711941835449,1.572278428996874
49.711594,78.2532751091703,1.5741453615261325,49.604442668863264,77.81566239897717,0.5405167990459242,1.5687236507915066
49.878144,78.2532751091703,1.5688890731212914,49.77549247116969,77.90796870828981,0.5387772914624112,1.5651873008271018
50.04475,78.2532751091703,1.5636660210945263,49.94654227347611,77.99997873730365,0.5370525154863235,1.5616692404896502
50.213037,78.2532751091703,1.5584254565038618,50.11759207578254,78.09169499264632,0.5353423169425268,1.5581693325282726
50.379731,78.2532751091703,1.5532690142623091,50.28864187808897,78.18311995472382,0.5336465434058963,1.5546874410380256
50.546626,78.2532751091703,1.548140426013208,50.45969168039539,78.27425607801794,0.5319650441800666,1.5512234314429842
50.713129,78.2532751091703,1.5430575208477135,50.630741482701815,78.36510579138033,0.5302976702764652,1.5477771704796002
50.879461,78.2532751091703,1.5380130522446045,50.80179128500824,78.45567149832269,0.5286442743936264,1.5443485261803196
51.046209,78.2532751091703,1.5329889651388275,50.97284108731466,78.54595557730372,0.5270047108967799,1.5409373678574692
51.212731,78.2532751091703,1.528004337616174,51.14389088962109,78.63596038201241,0.5253788357977103,1.5375435660873904
51.379359,78.2532751091703,1.5230488786201148,51.31494069192752,78.72568824164796,0.5237665067348846,1.5341669926948291
51.546262,78.2532751091703,1.5181173585229188,51.48599049423394,78.81514146119645,0.5221675829538408,1.5308075207375718
51.712609,78.2532751091703,1.5132339408589943,51.657040296540366,78.90432232170394,0.5205819252878372,1.5274650244913164
51.879603,78.2532751091703,1.50836302870649,51.82809009884679,78.99323308054647,0.5190093961387544,1.524139379434785
52.045797,78.2532751091703,1.5035464844388933,51.999139901153214,79.08187597169683,0.5174498594582497,1.5208304622350683
52.214478,78.2532751091703,1.4986892162202656,52.17018970345964,79.17025320598793,0.5159031807291583,1.5175381507331915
52.379403,78.2532751091703,1.4939703514599108,52.34123950576607,79.25836697137319,0.5143692269471383,1.5142623239299071
52.545605,78.2532751091703,1.4892449160908947,52.51228930807249,79.34621943318375,0.5128478666025542,1.511002861971706
52.712249,78.2532751091703,1.4845368314520275,52.68333911037892,79.43381273438266,0.5113389696625977,1.507759646137041
52.878997,78.2532751091703,1.4798555106703386,52.854388912685344,79.52114899581586,0.5098424075536414,1.5045325588227612
53.045568,78.2532751091703,1.475208543514329,53.025438714991765,79.6082303164604,0.5083580531438203,1.501321483530752
53.211693,78.2532751091703,1.4706029952696733,53.19648851729819,79.69505877366956,0.5068857807258407,1.4981263048547777
53.378737,78.2532751091703,1.466000874265165,53.36753831960462,79.78163642341491,0.50542546600001,1.4949469084675213
53.545126,78.2532751091703,1.4614453444216435,53.53858812191104,79.86796530052592,0.5039769860574875,1.4917831811078224
53.71202,78.2532751091703,1.4569043411357514,53.70963792421747,79.95404741892621,0.5025402193637485,1.4886350105680983
53.878363,78.2532751091703,1.4524063232799094,53.88068772652389,80.03988477186734,0.5011150457422646,1.485502285681963
54.045098,78.2532751091703,1.4479254919506357,54.05173752883032,80.1254793321597,0.4997013463583907,1.4823848963120208
54.211736,78.2532751091703,1.4434748060672749,54.22278733113674,80.21083305240064,0.4982990037034598,1.479282733337845
54.378302,78.2532751091703,1.4390533030834671,54.39383713344317,80.2959478652,0.4969079015790824,1.4761956886441339
54.544877,78.2532751091703,1.434658567644589,54.56488693574959,80.38082568340285,0.4955279250816442,1.4731236551090383
54.711447,78.2532751091703,1.430290723423387,54.73593673805602,80.46546840030962,0.4941589605870042,1.4700665265926607
54.878013,78.2532751091703,1.4259494983750651,54.90698654036244,80.54987788989378,0.4928008957353859,1.4670241979257248
55.044783,78.2532751091703,1.4216292779130455,55.07803634266887,80.63405600701667,0.4914536194164614,1.463996564898404
55.476142,78.95196506550218,1.4231697125856764,55.249086144975294,80.71800458764011,0.4901170217546248,1.4609835242493168
55.642805,78.95196506550218,1.4189069919372717,55.420135947281715,80.80172544903624,0.4887909940944526,1.4579849736546786
55.809413,78.95196506550218,1.4146711248423662,55.59118574958814,80.88522038999503,0.4874754289863473,1.4550008117176072
55.976058,78.95196506550218,1.4104595408540948,55.76223555189457,80.96849119102939,0.4861702201723631,1.452030937957587
56.142548,78.95196506550218,1.4062768413272262,55.93328535420099,81.05153961457769,0.4848752625722107,1.4490752528000779
56.309181,78.95196506550218,1.4021153151828327,56.10433515650742,81.13436740520412,0.4835904522694373,1.446133657566273
56.475807,78.95196506550218,1.3979785196429717,56.275384958813845,81.21697628979649,0.4823156864977821,1.4432060544630054
56.642489,78.95196506550218,1.393864684609855,56.446434761120265,81.29936797776189,0.4810508636277018,1.4402923465727915
56.80899,78.95196506550218,1.389779418107982,56.61748456342669,81.38154416122,0.4797958831530656,1.437392437844019
56.9757,78.95196506550218,1.3857129454399362,56.78853436573312,81.46350651519407,0.478550645678017,1.4345062330812701
57.142222,78.95196506550218,1.3816747459610896,56.95958416803954,81.54525669779969,0.4773150529040001,1.4316336379357797
57.308829,78.95196506550218,1.3776579707378451,57.13063397034597,81.6267963504315,0.4760890076169474,1.4287745588960281
57.47545,78.95196506550218,1.373664148179826,57.3016837726524,81.70812709794751,0.4748724136746276,1.4259289032784626
57.642069,78.95196506550218,1.369693462347824,57.472733574958816,81.78925054885138,0.4736651759941517,1.4230965792183479
57.808683,79.65065502183405,1.377832029521137,57.64378337726525,81.87016829547265,0.472467200539633,1.420277495660743
57.975326,79.65065502183405,1.3738716194857457,57.814833179571664,81.95088191414463,0.4712783943100023,1.417471562351601
58.141853,79.65065502183405,1.3699366448096186,57.98588298187809,82.0313929653805,0.4700986653269722,1.4146786898289914
58.308472,79.65065502183405,1.3660219911410825,58.15693278418452,82.11170299404722,0.4689279226231529,1.4118987894144424
58.475016,79.65065502183405,1.3621313933772,58.32798258649094,82.19181352953734,0.4677660762303127,1.4091317732044
58.641958,79.65065502183405,1.3582536760084656,58.49903238879737,82.2717260859391,0.4666130371677848,1.406377554061804
58.808274,79.65065502183405,1.3544123913895867,58.670082191103795,82.35144216220414,0.4654687174310177,1.403636045607776
58.97492,80.34934497816593,1.3624324539679906,58.841131993410215,82.43096324231368,0.4643330299802655,1.4009071622134217
59.14152,80.34934497816593,1.358594520028669,59.01218179571664,82.51029079544254,0.4632058887294177,1.3981908189917407
59.30814,80.34934497816593,1.354777691193248,59.18323159802307,82.58942627612126,0.4620872085349679,1.3954869317896463
59.474753,80.34934497816593,1.3509824072437246,59.35428140032949,82.66837112439647,0.4609769051851153,1.3927954171800918
59.641345,80.34934497816593,1.3472088025205655,59.52533120263592,82.74712676598926,0.4598748953890028,1.390116192454298
59.808,81.0480349344978,1.3551370207078954,59.696381004942346,82.82569461245188,0.4587810967660842,1.38744917561409
59.974649,81.0480349344978,1.3513715592482718,59.867430807248766,82.90407606132253,0.4576954278356239,1.38479428536433
60.141149,81.0480349344978,1.3476303044110085,60.038480609555194,82.98227249627828,0.4566178080063238,1.3821514411054492
60.30946,81.0480349344978,1.3438693520800518,60.20953041186162,83.06028528728649,0.4555481575660762,1.3795205629260836
60.476074,81.0480349344978,1.3401669383250276,60.38058021416804,83.13811579075423,0.454486397671844,1.3769015715957997
60.642943,81.7467248908297,1.3480006221140963,60.55163001647447,83.21576534967608,0.4534324503396612,1.3742943885579184
60.809308,81.7467248908297,1.3443126978328663,60.7226798187809,83.29323529378024,0.4523862384347574,1.3716989359224312
60.976327,81.7467248908297,1.3406305186409424,60.89372962108732,83.370526939673,0.4513476856618019,1.3691151364590097
61.142412,82.44541484716157,1.3484161345673045,61.064779423393745,83.44764159098139,0.4503167165552649,1.366542913590102
61.309144,82.44541484716157,1.3447490776769215,61.23582922570017,83.52458053849443,0.4492932564698979,1.3639821913841228
61.4761,82.44541484716157,1.3410970254645556,61.40687902800659,83.60134506030252,0.4482772315713274,1.3614328945487268
61.642239,82.44541484716157,1.3374824825419074,61.57792883031302,83.67793642193541,0.4472685688267635,1.35889494842417
61.808899,82.44541484716157,1.3338761275647637,61.74897863261944,83.75435587649852,0.4462671959958213,1.3563682789767562
61.975848,82.44541484716157,1.3302829651828496,61.92002843492587,83.83060466480765,0.4452730416214516,1.3538528127923657
62.142086,83.14410480349345,1.3379677148831703,62.091078237232296,83.90668401552229,0.4442860350209831,1.3513484770700677
62.308834,83.14410480349345,1.3343871079900718,62.26212803953872,83.98259514527723,0.4433061062772706,1.3488551996158116
62.475345,83.14410480349345,1.3308306629358102,62.43317784184514,84.05833925881282,0.4423331862299517,1.3463729088361998
62.642021,83.14410480349345,1.327289628849833,62.60422764415157,84.13391754910364,0.4413672064668071,1.3439015337323366
62.808658,83.14410480349345,1.3237682104829154,62.77527744645799,84.20933119748577,0.4404080993152259,1.3414410038937576
62.975305,83.14410480349345,1.3202652183025307,62.94632724876442,84.28458137378249,0.439455797833773,1.3389912494924303
63.141702,83.14410480349345,1.3167859302160314,63.11737705107085,84.35966923642877,0.4385102358038573,1.3365522012768356
63.30859,83.14410480349345,1.313314746126765,63.28842685337727,84.43459593259414,0.4375713477215007,1.3341237905661174
63.475114,83.14410480349345,1.309869326166054,63.459476655683694,84.50936259830416,0.4366390687892048,1.3317059492443066
63.641961,83.14410480349345,1.306435306157418,63.63052645799012,84.58397035856069,0.4357133349079155,1.3292986097546178
63.80822,83.14410480349345,1.3030312521410792,63.80157626029654,84.65842032746062,0.4347940826690832,1.326901705093816
63.974929,83.14410480349345,1.2996357495526638,63.97262606260297,84.73271360831332,0.4338812493468185,1.3245151688066508
64.141486,83.14410480349345,1.296260969125247,64.1436758649094,84.8068512937567,0.4329747728901411,1.3221389349803594
64.307803,83.14410480349345,1.2929084951556102,64.31472566721582,84.8808344658721,0.4320745919153204,1.31977293823924
64.474561,83.14410480349345,1.2895644966623885,64.48577546952224,84.95466419629764,0.4311806456983094,1.317417113739286
64.641289,83.14410480349345,1.286238348426088,64.65682527182867,85.02834154634057,0.4302928741672661,1.3150713971628898
64.807809,83.14410480349345,1.2829334317334111,64.8278750741351,85.10186756708806,0.4294112178951662,1.3127357247136093
64.974537,83.14410480349345,1.2796413586370528,64.99892487644152,85.17524329951695,0.4285356180925018,1.3104100331109971
65.141298,83.14410480349345,1.2763654909592597,65.16997467874795,85.24846977460211,0.427666016600068,1.3080942595854927
65.573789,83.14410480349345,1.2679472403751664,65.34102448105438,85.32154801342375,0.4268023558818339,1.3057883418733773
65.739202,83.14410480349345,1.26475683114458,65.51207428336079,85.39447902727332,0.4259445790179003,1.303492218211787
65.905842,83.14410480349345,1.26155894956161,65.68312408566722,85.46726381775835,0.425092629697537,1.3012058273337863
66.072397,83.14410480349345,1.2583788174582715,65.85417388797364,85.53990337690598,0.4242464522123073,1.298929108463501
66.239119,83.14410480349345,1.2552115133580422,66.02522369028007,85.61239868726551,0.4234059914492699,1.2966620013113106
66.405554,83.14410480349345,1.252065524571837,66.1962734925865,85.68475072200967,0.4225711928842628,1.2944044460690938
66.572249,83.84279475982532,1.2594256017973091,66.36732329489293,85.75696044503462,0.4217420025752667,1.292156383405533
66.738851,83.84279475982532,1.2562816635819116,66.53837309719934,85.82902881105913,0.4209183671558461,1.2899177544614742
66.905456,83.84279475982532,1.2531533266857238,66.70942289950577,85.90095676572244,0.4201002338286676,1.287688500845341
67.072091,83.84279475982532,1.250039972062677,66.8804727018122,85.97274524568098,0.4192875503590956,1.2854685646286028
67.238684,83.84279475982532,1.2469428277303185,67.05152250411862,86.04439517870418,0.4184802650688621,1.2832578883412964
67.405224,83.84279475982532,1.2438619706957033,67.22257230642505,86.11590748376898,0.4176783268298121,1.2810564149675976
67.571927,83.84279475982532,1.2407933069575672,67.39362210873148,86.18728307115353,0.4168816850577214,1.2788640879414486
67.738423,83.84279475982532,1.2377435293972718,67.56467191103789,86.25852284252962,0.4160902897061883,1.2766808511422336
67.905107,83.84279475982532,1.2347052889530874,67.73572171334432,86.32962769105416,0.4153040912605956,1.274506648890503
68.071637,83.84279475982532,1.2316847141464415,67.90677151565075,86.40059850145971,0.4145230407321447,1.272341425943753
68.238374,83.84279475982532,1.228675155123499,68.07782131795717,86.47143615014377,0.413747089651959,1.270185127492246
68.404845,83.84279475982532,1.2256850338572558,68.2488711202636,86.54214150525738,0.4129761900652563,1.2680376991548856
68.571521,83.84279475982532,1.2227057754752928,68.41992092257001,86.61271542679242,0.4122102945255899,1.2658990869751365
68.738034,83.84279475982532,1.219743857670199,68.59097072487644,86.68315876666816,0.4114493560891561,1.2637692374169895
68.905813,83.84279475982532,1.2167738991748829,68.76202052718287,86.75347236881674,0.4106933283091699,1.2616480973609774
69.071363,83.84279475982532,1.2138575397712263,68.9330703294893,86.82365706926767,0.4099421652303042,1.2595356141002303
69.237923,83.84279475982532,1.2109374621163222,69.10412013179572,86.89371369623146,0.4091958213831964,1.257431735336581
69.404457,83.84279475982532,1.2080318524763525,69.27516993410215,86.96364307018229,0.4084542517790167,1.2553364091767116
69.5712,83.84279475982532,1.205136532930657,69.44621973640857,87.03344600393969,0.4077174119041017,1.2532495841283449
69.737704,83.84279475982532,1.2022591790493322,69.617269538715,87.10312330274944,0.4069852577146491,1.251171209096478
69.904351,83.84279475982532,1.1993930786915583,69.78831934102142,87.17267576436339,0.406257745631475,1.2491012333796594
70.070911,83.84279475982532,1.1965420966173157,69.95936914332785,87.24210417911858,0.4055348325348319,1.2470396066663076
70.237671,83.84279475982532,1.19370123704451,70.13041894563428,87.31140933001537,0.4048164757592874,1.2449862790310713
70.405802,83.84279475982532,1.190850645516762,70.3014687479407,87.38059199279468,0.4041026330886611,1.2429412009312288
70.572928,84.5414847161572,1.1979308087678775,70.47251855024712,87.4496529360144,0.4033932627510224,1.2409043232031298
70.739079,84.5414847161572,1.195117124950937,70.64356835255354,87.51859292112505,0.4026883234137445,1.2388755970586744
70.905704,85.24017467248908,1.2021624476429862,70.81461815485997,87.58741270254434,0.4019877741786168,1.2368549740818346
71.072757,85.24017467248908,1.1993368242699392,70.9856679571664,87.65611302773127,0.4012915745770136,1.2348424062252117
71.238945,85.93886462882095,1.2063466777732454,71.15671775947283,87.72469463725898,0.4005996845651188,1.2328378458066318
71.405479,85.93886462882095,1.2035331998658108,71.32776756177925,87.79315826488718,0.3999120645192061,1.2308412455057804
71.572424,86.63755458515283,1.2104879189945117,71.49881736408567,87.86150463763353,0.3992286752309738,1.2288525583608736
71.738618,86.63755458515283,1.2076836298289553,71.6698671663921,87.92973447584436,0.3985494779029327,1.226871737765365
71.905734,87.33624454148472,1.2145936030843485,71.84091696869852,87.9978484932644,0.3978744341438492,1.2248987374646894
72.071991,87.33624454148472,1.211791756127352,72.01196677100495,88.06584739710611,0.3972035059642391,1.2229335115530426
72.238972,88.0349344978166,1.2186626146592532,72.18301657331138,88.13373188811784,0.3965366557719146,1.220976014470196
72.405374,88.0349344978166,1.2158618847520437,72.35406637561779,88.20150266065144,0.3958738463675822,1.219026200998345
72.571855,88.0349344978166,1.213072678076323,72.52511617792422,88.2691604027292,0.3952150409404916,1.2170840262589924
72.738349,88.73362445414847,1.2199015467638463,72.69616598023065,88.33670579610978,0.3945602030641344,1.2151494457098673
72.905223,88.73362445414847,1.2171092934473084,72.86721578253707,88.4041395163537,0.3939092966919932,1.2132224151418738
73.071649,88.73362445414847,1.2143372384294828,73.0382655848435,88.47146223288792,0.3932622861533387,1.2113028906760763
73.238496,88.73362445414847,1.211570817267308,73.20931538714993,88.53867460906974,0.3926191361490754,1.209390828760714
73.404933,88.73362445414847,1.2088237237972612,73.38036518945634,88.60577730225012,0.3919798117476357,1.2074861861682509
73.571513,89.43231441048034,1.2155834610942464,73.55141499176277,88.67277096383606,0.3913442783809202,1.2055889199924539
73.738279,89.43231441048034,1.212834305645787,73.7224647940692,88.73965623935253,0.3907125018402856,1.2036989876455058
73.904702,89.43231441048034,1.2101031732795613,73.89351459637562,88.80643376850352,0.3900844482725785,1.2018163468551455
74.071157,89.43231441048034,1.2073837919189023,74.06456439868205,88.87310418523265,0.3894600841762135,1.199940955661843
74.237911,89.43231441048034,1.204671753364401,74.23561420098848,88.93966811778283,0.3888393763972985,1.1980727724159999
74.404474,89.43231441048034,1.2019749566468323,74.40666400329489,89.0061261887555,0.3882222921258025,1.1962117557751832
74.571117,89.43231441048034,1.199288920541184,74.57771380560132,89.07247901516907,0.387608798891768,1.194357864701386
74.737746,89.43231441048034,1.1966150867124137,74.74876360790775,89.1387272085168,0.3869988645615673,1.1925110584583196
74.904354,89.43231441048034,1.1939534838052317,74.91981341021418,89.204871374824,0.3863924573342008,1.1906712966087323
75.071179,89.43231441048034,1.1913002513318771,75.0908632125206,89.27091211470457,0.3857895457376383,1.1888385390117555
75.502292,89.43231441048034,1.1844980071661977,75.26191301482703,89.3368500234171,0.3851900986252017,1.1870127458202826
75.668879,89.43231441048034,1.181890304077061,75.43296281713344,89.40268569092004,0.3845940851719893,1.1851938774783692
75.835667,90.13100436681222,1.1885041423425764,75.60401261943987,89.46841970192648,0.384001474871341,1.1833818947186632
76.00221,90.13100436681222,1.1858997832669893,75.7750624217463,89.53405263595842,0.3834122375313439,1.1815767585598649
76.168776,90.13100436681222,1.1833064557426027,75.94611222405273,89.59958506740014,0.3828263432713775,1.1797784303042078
76.335344,90.13100436681222,1.1807244147195068,76.11716202635915,89.66501756555128,0.3822437625186981,1.1779868715349706
76.501932,90.13100436681222,1.178153309472135,76.28821182866557,89.73035069467909,0.3816644660050636,1.1762020441140106
76.668577,90.13100436681222,1.1755925033904335,76.459261630972,89.79558501407035,0.3810884247633949,1.1744239101793275
76.835198,90.13100436681222,1.1730431717871308,76.63031143327842,89.86072107808255,0.380515610124476,1.1726524321426486
77.001767,90.13100436681222,1.170505663419545,76.80136123558485,89.92575943619451,0.379945993713693,1.1708875726870405
77.168423,90.13100436681222,1.1679777927665078,76.97241103789128,89.99070063305658,0.3793795474478075,1.169129294764546
77.334948,90.13100436681222,1.1654627913736002,77.1434608401977,90.05554520854017,0.3788162435317697,1.1673775615938438
77.501581,90.8296943231441,1.1719721475506943,77.31451064250412,90.12029369778676,0.3782560544555655,1.1656323366579338
77.668171,90.8296943231441,1.1694583914322392,77.48556044481055,90.18494663125642,0.3776989529911005,1.1638935837018443
77.834959,90.8296943231441,1.1669524271625054,77.65661024711697,90.24950453477577,0.3771449121891193,1.1621612667303658
78.001483,90.8296943231441,1.1644611208628444,77.8276600494234,90.31396792958527,0.3765939053761594,1.1604353500058027
78.168102,90.8296943231441,1.16197901700548,77.99870985172983,90.3783373323865,0.3760459061515402,1.1587157980457559
78.334638,90.8296943231441,1.1595087006484168,78.16975965403626,90.44261325538808,0.375500888384386,1.1570025756209181
78.501212,90.8296943231441,1.157048305485323,78.34080945634267,90.50679620635196,0.3749588262106821,1.1552956477529006
78.667888,90.8296943231441,1.1545968327399878,78.5118592586491,90.5708866886386,0.3744196940303658,1.153594979712075
78.834499,90.8296943231441,1.1521566760149526,78.68290906095552,90.63488520125205,0.3738834665044485,1.1519005370154445
79.001079,90.8296943231441,1.1497272628788284,78.85395886326195,90.6987922388841,0.3733501185521721,1.150212285424526
79.167737,90.8296943231441,1.1473069430182663,79.02500866556838,90.76260829195849,0.3728196253481963,1.148530190943266
79.334278,90.8296943231441,1.14489848036613,79.1960584678748,90.82633384667416,0.3722919623198183,1.1468542198159657
79.500854,90.8296943231441,1.1424996053896992,79.36710827018122,90.88996938504832,0.3717671051442245,1.1451843385252367
79.667474,91.52838427947596,1.1488802102533835,79.53815807248765,90.95351538495903,0.3712450297457717,1.1435205137899713
79.834532,91.52838427947596,1.1464761173708136,79.70920787479407,91.0169723201871,0.3707257122933012,1.141862712563335
80.000693,91.52838427947596,1.144094892771441,79.8802576771005,91.08034066045768,0.3702091291974809,1.1402109020307771
80.16905,91.52838427947596,1.1416922650259167,80.05130747940693,91.14362087148156,0.3696952571081797,1.1385650496080668
80.335637,91.52838427947596,1.1393248089820458,80.22235728171334,91.20681341499572,0.3691840729118694,1.1369251229393416
80.502185,91.52838427947596,1.136967701926053,80.39340708401977,91.26991874880363,0.368675553729058,1.1352910898951794
80.669212,91.52838427947596,1.134613590615909,80.5644568863262,91.33293732681511,0.3681696769117499,1.1336629185706903
80.835451,91.52838427947596,1.132280245204248,80.73550668863263,91.3958695990856,0.3676664200409364,1.1320405772836244
81.002037,91.52838427947596,1.1299516366418785,80.90655649093905,91.45871601185522,0.3671657609241139,1.1304240345725
81.168996,91.52838427947596,1.127627404427621,81.07760629324548,91.52147700758724,0.3666676775928295,1.1288132591947504
81.335235,92.22707423580786,1.1339129251401052,81.2486560955519,91.58415302500622,0.3661721483002551,1.1272082201248885
81.50189,92.22707423580786,1.131594300890542,81.41970589785832,91.64674449913576,0.3656791515187882,1.1256088865526896
81.668542,92.22707423580786,1.129285181016307,81.59075570016475,91.70925186133566,0.3651886659376804,1.124015227881392
81.834835,92.22707423580786,1.1269904098396222,81.76180550247118,91.771675539339,0.3647006704606914,1.1224272137259161
82.001823,92.22707423580786,1.1246954136105958,81.9328553047776,91.83401595728844,0.364215144203771,1.120844813911099
82.168346,92.22707423580786,1.1224160972621728,82.10390510708403,91.89627353577248,0.3637320664927653,1.1192679984699478
82.334879,92.22707423580786,1.1201458647410882,82.27495490939044,91.95844869186108,0.3632514168611505,1.1176967376419116
82.501801,92.22707423580786,1.11787952648219,82.44600471169687,92.02054183914096,0.3627731750477906,1.1161310018711643
82.667892,92.22707423580786,1.1156335549938523,82.6170545140033,92.08255338775066,0.3622973209947213,1.1145707618049128
82.834769,92.22707423580786,1.1133860255686578,82.78810431630973,92.14448374441496,0.3618238348449583,1.1130159882917137
83.001424,92.22707423580786,1.1111505055119038,82.95915411861615,92.2063333124792,0.3613526969403307,1.1114666523798122
83.167929,92.22707423580786,1.1089259447089015,83.13020392092258,92.268102491943,0.3608838878193372,1.109922725315492
83.334671,92.22707423580786,1.1067071259669083,83.301253723229,92.32979167949378,0.360417388215029,1.1083841785414466
83.501207,92.22707423580786,1.1044998934663048,83.47230352553542,92.39140126853982,0.3599531790529136,1.1068509836951597
83.667795,92.22707423580786,1.102300762626861,83.64335332784185,92.45293164924308,0.3594912414488836,1.105323112607309
83.834463,92.92576419213974,1.1084434833457422,83.81440313014828,92.51438320855146,0.3590315567071693,1.103800537300179
84.000914,92.92576419213974,1.1062470605038863,83.9854529324547,92.575756330231,0.3585741063183119,1.1022832299860912
84.167946,92.92576419213974,1.1040517038652664,84.15650273476112,92.63705139489738,0.3581188719571619,1.10077116306585
84.334217,92.92576419213974,1.1018749861890549,84.32755253706755,92.69826878004751,0.3576658354808985,1.0992643091272034
84.500748,92.92576419213974,1.0997034510527617,84.49860233937397,92.75940886009036,0.357214978927071,1.0977626409433174
84.667383,92.92576419213974,1.0975391100979195,84.6696521416804,92.82047200637771,0.3567662845116635,1.0962661314712654
84.833971,92.92576419213974,1.0953838786132,84.84070194398683,92.88145858723452,0.3563197346271793,1.094774753850532
85.00055,92.92576419213974,1.0932372107255746,85.01175174629326,92.942368967989,0.3558753118407482,1.093288481401532
85.398719,92.92576419213974,1.0881400245844406,85.18280154859967,93.00320351100218,0.3554329988922541,1.0918072876241423
85.566589,93.6244541484716,1.0941706949247634,85.3538513509061,93.06396257569747,0.354992778692484,1.0903311461962464
85.731983,93.6244541484716,1.0920598226273572,85.52490115321253,93.12464651858969,0.3545546343212973,1.0888600309722976
85.899486,93.6244541484716,1.0899303186572225,85.69595095551895,93.18525569331364,0.3541185490258153,1.0873939159818888
86.06521,93.6244541484716,1.087831588959948,85.86700075782538,93.24579045065292,0.3536845062186322,1.0859327754283428
86.231983,93.6244541484716,1.085727718316203,86.03805056013181,93.30625113856772,0.3532524894760438,1.0844765836873091
86.398429,93.6244541484716,1.0836360710733712,86.20910036243822,93.366638102223,0.352822482536298,1.0830253153053824
86.565077,93.6244541484716,1.0815499436160798,86.38015016474465,93.4269516840157,0.3523944692978637,1.081578944998722
86.731708,93.6244541484716,1.0794720443931718,86.55119996705108,93.4871922236023,0.3519684338177194,1.0801374476516983
86.898231,93.6244541484716,1.0774034531090928,86.7222497693575,93.54736005792564,0.3515443603096606,1.0787007983155406
87.064827,93.6244541484716,1.0753418731133713,86.89329957166393,93.60745552124158,0.3511222331426256,1.0772689722070026
87.231506,94.32314410480348,1.081296751941936,87.06434937397036,93.66747894514548,0.3507020368390415,1.0758419447070404
87.398048,94.32314410480348,1.0792362788789458,87.23539917627677,93.7274306585983,0.3502837560731865,1.0744196913595025
87.564844,94.32314410480348,1.0771805189854904,87.4064489785832,93.78731098795234,0.3498673756695718,1.0730021878698288
87.731339,94.32314410480348,1.0751362646454476,87.57749878088963,93.84712025697692,0.3494528806013411,1.0715894101037673
87.898016,94.32314410480348,1.0730975327680148,87.74854858319605,93.90685878688362,0.349040255988688,1.0701813340860988
88.064514,94.32314410480348,1.0710686952159127,87.91959838550248,93.96652689635128,0.3486294870972901,1.0687779359993745
88.231215,94.32314410480348,1.069045055140672,88.0906481878089,94.02612490155072,0.3482205593367622,1.067379192182664
88.397696,94.32314410480348,1.0670317030073215,88.26169799011532,94.0856531161694,0.3478134582591251,1.065985079130319
88.56433,95.02183406113537,1.0729131475520153,88.43274779242175,94.14511185143546,0.3474081695572915,1.0645955734907429
88.730851,95.02183406113537,1.0708996137221245,88.60379759472818,94.20450141614168,0.3470046790635701,1.0632106520651745
88.897516,95.02183406113537,1.068891891885206,88.7748473970346,94.26382211666944,0.3466029727481845,1.0618302918064852
89.064138,95.02183406113537,1.0668921992051994,88.94589719934103,94.32307425701188,0.3462030367178095,1.0604544698179814
89.23076,95.02183406113537,1.0648999746403074,89.11694700164745,94.38225813879728,0.3458048572141238,1.0590831633522242
89.397328,95.02183406113537,1.0629158184810106,89.28799680395387,94.4413740613121,0.3454084206123773,1.0577163498098552
89.564024,95.02183406113537,1.0609375262229772,89.4590466062603,94.50042232152352,0.3450137134199766,1.0563540067384356
89.730558,95.02183406113537,1.058968496118517,89.63009640856673,94.55940321410203,0.3446207222750836,1.0549961118312952
89.897194,95.02183406113537,1.0570055619437395,89.80114621087316,94.61831703144372,0.3442294339452316,1.0536426429263916
90.063762,95.02183406113537,1.0550506879907522,89.97219601317958,94.67716406369212,0.3438398353259559,1.0522935780051799
90.232163,95.72052401746724,1.0608248858831772,90.143245815486,94.73594459876024,0.3434519134394386,1.0509488951914936
90.399017,95.72052401746724,1.058866868181401,90.31429561779242,94.79465892235186,0.3430656554331706,1.0496085727504336
90.565365,95.72052401746724,1.0569219703080448,90.48534542009884,94.853307317983,0.3426810485786264,1.0482725890872704
90.731902,95.72052401746724,1.0549820064112316,90.65639522240528,94.911890067003,0.342298080269954,1.0469409227463524
90.898795,95.72052401746724,1.0530450268066505,90.82744502471172,94.97040744861536,0.3419167380226802,1.045613552410028
91.06526,95.72052401746724,1.0511200870394182,90.99849482701812,95.02885973989837,0.3415370094724286,1.044290456897575
91.231839,95.72052401746724,1.0492008608690575,91.16954462932456,95.0872472158256,0.3411588823736534,1.042971615164138
91.39826,95.72052401746724,1.0472904409500492,91.34059443163098,95.14557014928616,0.3407823445983857,1.0416570062996824
91.564974,95.72052401746724,1.0453836203510225,91.5116442339374,95.20382881110451,0.3404073841349945,1.0403466095279474
91.731832,96.41921397379912,1.051098750254973,91.68269403624384,95.26202347006048,0.3400339890869616,1.0390404042054182
91.898243,96.41921397379912,1.0491954016335123,91.85374383855026,95.32015439290872,0.3396621476716687,1.0377383698203015
92.064788,96.41921397379912,1.0472974094482153,92.02479364085669,95.37822184439815,0.3392918482191989,1.0364404859915126
92.23176,96.41921397379912,1.045401431934066,92.1958434431631,95.43622608729112,0.3389230791711515,1.0351467324676698
92.397879,96.41921397379912,1.043521940301239,92.36689324546953,95.49416738238232,0.3385558290794692,1.0338570891260996
92.564628,96.41921397379912,1.0416421051656917,92.53794304777595,95.55204598851762,0.3381900866052787,1.0325715359718504
92.731226,96.41921397379912,1.0397707237667613,92.70899285008238,95.60986216261264,0.3378258405177434,1.0312900531367135
92.897745,96.41921397379912,1.0379069370714986,92.8800426523888,95.66761615967118,0.3374630796929296,1.030012620878256
93.064812,96.41921397379912,1.0360437194435972,93.05109245469522,95.72530823280324,0.3371017931126846,1.0287392195788572
93.230968,97.117903930131,1.041691468119595,93.22214225700164,95.78293863324328,0.336741969863527,1.0274698297447602
93.39758,97.117903930131,1.0398331940734544,93.39319205930808,95.84050761036774,0.3363835991355495,1.0262044320051245
93.564525,97.117903930131,1.0379778439545435,93.5642418616145,95.89801541171292,0.3360266702213341,1.0249430071110945
93.730823,97.117903930131,1.036136255094346,93.73529166392092,95.95546228299224,0.335671172514878,1.02368553593487
93.897517,97.117903930131,1.0342968273605253,93.90634146622736,96.0128484681136,0.3353170955105325,1.022431999468788
94.064086,97.117903930131,1.0324652910583854,94.07739126853376,96.0701742091964,0.334964428801953,1.0211823788244134
94.230693,97.117903930131,1.030639814249599,94.2484410708402,96.12743974658846,0.3346131620810607,1.0199366552316333
94.397294,97.117903930131,1.028820846603198,94.41949087314664,96.18464531888276,0.3342632851370151,1.0186948100377666
94.563949,97.117903930131,1.0270077017419292,94.59054067545306,96.24179116293392,0.3339147878551986,1.0174568247066735
94.730444,97.81659388646288,1.0325782267679742,94.76159047775948,96.2988775138746,0.3335676602162121,1.0162226808178776
94.897219,97.81659388646288,1.030763545204237,94.93264028006593,96.3559046051318,0.3332218922948807,1.0149923600656952
95.063641,97.81659388646288,1.0289590516153582,95.10369008237232,96.41287266844274,0.3328774742592711,1.0137658442583721
95.495125,97.81659388646288,1.024309815673448,95.27473988467877,96.46978193387082,0.3325343963697198,1.0125431153172242
95.661774,97.81659388646288,1.022525401697682,95.44578968698518,96.5266326298213,0.3321926489778716,1.0113241552757932
95.829918,97.81659388646288,1.0207312698155795,95.6168394892916,96.58342498305676,0.3318522225257285,1.0101089462790014
95.994993,97.81659388646288,1.0189759989509335,95.78788929159803,96.6401592187127,0.3315131075447093,1.0088974705823215
96.161656,97.81659388646288,1.0172099561852688,95.95893909390443,96.69683556031244,0.3311752946547195,1.0076897105509461
96.328249,97.81659388646288,1.0154507623870843,96.12998889621088,96.75345422978242,0.3308387745632309,1.0064856486589704
96.494774,98.51528384279476,1.020939059796075,96.3010386985173,96.81001544746704,0.3305035380643721,1.0052852674885797
96.661358,98.51528384279476,1.019179596491855,96.47208850082372,96.86651943214332,0.3301695760380276,1.0040885497292436
96.828093,98.51528384279476,1.0174246005525975,96.64313830313016,96.9229664010356,0.3298368794489485,1.0028954781769166
96.994648,98.51528384279476,1.015677523184524,96.8141881054366,96.97935656982996,0.3295054393458709,1.001706035733249
97.161263,98.51528384279476,1.0139358094057995,96.985237907743,97.0356901526884,0.329175246860646,1.0005202054048
97.32786,98.51528384279476,1.0122002460836472,97.15628771004944,97.09196736226316,0.3288462932073774,0.9993379703022595
97.494378,98.51528384279476,1.0104714329558036,97.32733751235584,97.14818840971056,0.3285185696815704,0.9981593136396797
97.661005,98.51528384279476,1.0087473894293302,97.49838731466228,97.204353504705,0.3281920676592879,0.9969842187337076
97.827802,98.51528384279476,1.007027468968328,97.66943711696872,97.26046285545256,0.3278667785963177,0.9958126690028286
97.994251,99.21397379912663,1.0124468811861895,97.84048691927514,97.31651666870452,0.3275426940273472,0.994644647966614
98.160839,99.21397379912663,1.0107286654215195,98.01153672158156,97.37251514977092,0.3272198055651488,0.9934801392449759
98.327539,99.21397379912663,1.0090151223974662,98.18258652388798,97.42845850253384,0.3268981048997719,0.9923191265574303
98.494091,99.21397379912663,1.0073088932728629,98.3536363261944,97.4843469294604,0.326577583797746,0.9911615937223616
98.660756,99.21397379912663,1.0056072730592762,98.52468612850085,97.54018063161588,0.3262582341012911,0.9900075246562986
98.827385,99.21397379912663,1.0039117578505858,98.69573593080726,97.59595980867668,0.3259400477275368,0.9888569033731954
98.993965,99.21397379912663,1.0022224465817349,98.86678573311367,97.65168465894293,0.3256230166677503,0.9877097139837149
99.160588,99.21397379912663,1.0005383771940384,99.0378355354201,97.70735537935104,0.3253071329865727,0.9865659406945215
99.32707,99.21397379912663,0.9988613758477586,99.20888533772651,97.76297216548652,0.3249923888212632,0.9854255678075827
99.493688,99.21397379912663,0.9971886236554688,99.37993514003296,97.818535211596,0.3246787763809518,0.9842885797194691
99.660288,99.21397379912663,0.9955216444801628,99.55098494233938,97.87404471059946,0.3243662879459,0.9831549609206658
99.827265,99.91266375545852,1.0008554652424717,99.7220347446458,97.9295008541027,0.3240549158667702,0.9820246959948905
99.993547,99.91266375545852,0.999191115357259,99.89308454695222,97.98490383240886,0.3237446525639016,0.9808977696184117
100.160162,99.91266375545852,0.9975289751973296,100.06413434925864,98.04025383453062,0.323435490526595,0.9797741665593791
100.328425,99.91266375545852,0.9958559974948128,100.23518415156508,98.09555104820171,0.3231274223124055,0.9786538716771545
100.494993,99.91266375545852,0.9942053904661552,100.4062339538715,98.15079565988871,0.322820440546442,0.9775368699216527
100.661333,99.91266375545852,0.9925624942345886,100.57728375617792,98.2059878548024,0.3225145379206749,0.9764231463326841
100.828279,99.91266375545852,0.9909190630483588,100.74833355848436,98.26112781690917,0.3222097071932513,0.9753126860393043
100.994866,99.91266375545852,0.9892845816089156,100.91938336079076,98.31621572894232,0.3219059411878172,0.9742054742591717
101.16149,99.91266375545852,0.987655122077171,101.0904331630972,98.37125177241327,0.3216032327928474,0.9731014962979053
101.328075,99.91266375545852,0.9860314010254168,101.26148296540364,98.4262361276224,0.3213015749609826,0.9720007375484525
101.49468,99.91266375545852,0.9844128160752712,101.43253276771006,98.48116897367012,0.3210009607083732,0.9709031834904602
101.661349,100.6113537117904,0.989671637268854,101.60358257001648,98.53605048846768,0.3207013831140314,0.9698088196896509
101.828039,100.6113537117904,0.98805156909474,101.77463237232293,98.5908808487478,0.3204028353191885,0.9687176317972048
101.994518,100.6113537117904,0.9864388369558292,101.94568217462933,98.6456602300752,0.3201053105266609,0.9676296055491461
102.161187,100.6113537117904,0.9848295293572732,102.11673197693575,98.70038880685736,0.3198088020002217,0.966544726765737
102.32776,100.6113537117904,0.9832263865816118,102.28778177924218,98.75506675235448,0.3195133030639795,0.9654629813508713
102.494269,100.6113537117904,0.981629067590017,102.4588315815486,98.80969423869014,0.3192188071017645,0.9643843552914807
102.660944,100.6113537117904,0.9800353453966912,102.62988138385504,98.86427143686116,0.3189253075565199,0.9633088346569378
102.827716,100.6113537117904,0.9784458667913074,102.80093118616146,98.91879851674793,0.3186327979297013,0.9622364055984726
102.994206,100.6113537117904,0.9768642103206308,102.97198098846788,98.97327564712408,0.3183412717806813,0.9611670543485842
103.160939,100.6113537117904,0.9752853617568408,103.1430307907743,99.02770299566654,0.3180507227261616,0.9601007672204659
103.327394,100.6113537117904,0.973714228308036,103.31408059308072,99.08208072896532,0.3177611444395906,0.9590375306074318
103.494286,100.6113537117904,0.97214404389234,103.48513039538716,99.13640901253292,0.3174725306505876,0.9579773309823448
103.660694,100.6113537117904,0.9705834471047472,103.6561801976936,99.19068801081424,0.3171848751443734,0.9569201548970573
103.82723,101.31004366812226,0.9757560099419224,103.82723,99.24491788719573,0.3168981717612069,0.9558659889818473
