Time,Height,Wicking Rate,Avg Wicking Rate,Time_Uniform,Height_Model,Wicking_Rate
0.283782,0.89947,0.0,3.169580875460741,0.0,0.0,inf
0.457607,1.79894,0.0,3.9311898637914195,0.1712990424778761,2.70872333859694,9.28075440594218
0.624576,2.69841,0.0,4.320386950507224,0.3425980849557522,4.104556173938907,7.3438721496288935
0.791251,3.59788,0.0,4.5470779815760105,0.5138971274336284,5.280437794822412,6.470605842824018
0.949768,4.49735,0.0,4.735209019465807,0.6851961699115044,6.340227763863611,5.939203718212353
1.116434,5.39682,0.0,4.833980333812836,0.8564952123893805,7.324183905436447,5.568184414018415
1.283042,6.29629,0.0,4.907314024014802,1.0277942548672567,8.252975374022306,5.287523076697004
1.449596,7.19576,0.0,4.9639761699121685,1.1990932973451327,9.138899071644975,5.063716628222219
1.616268,8.09523,0.0,5.008593871808388,1.370392339823009,9.989982743695924,4.878454723199337
1.782772,8.9947,0.0,5.045345114237827,1.541691382300885,10.811815988632224,4.720773186750083
1.94939,9.894169999999999,0.0,5.07552106043429,1.712990424778761,11.608480414353608,4.583652441953179
2.116071,10.79364,0.0,5.100792931806164,1.8842894672566373,12.383067838883907,4.462362027092921
2.282682,11.69311,0.0,5.122531303089962,2.0555885097345135,13.137989749800973,4.353582080077317
2.449275,12.59258,0.0,5.141349991323963,2.2268875522123897,13.875172428192958,4.254904619889075
2.615842,13.492049999999999,0.0,5.157822987779843,2.3981865946902654,14.59618548489557,4.164534681524997
2.782443,14.39152,0.0,5.172260491948981,2.5694856371681416,15.30232964096945,4.081103066142674
2.949042,15.29099,0.0,5.185070270277603,2.740784679646018,15.994698515518358,4.003544567987506
3.115727,16.19046,0.0,5.196366690663207,2.912083722123894,16.674223251672522,3.9310162333119116
3.282338,17.08993,0.0,5.206633198652911,3.08338276460177,17.341705470736706,3.8628409735465814
3.44891,17.9894,0.0,5.215966783708476,3.254681807079646,17.997842082306228,3.798467733642644
3.615572,18.88887,0.0,5.224310288939067,3.425980849557522,18.643244283247583,3.737442761747059
3.782105,19.788339999999998,0.0,5.232096940724808,3.5972798920353983,19.27845232753272,3.6793884996544484
3.948712,20.68781,0.0,5.23912860699894,3.7685789345132745,19.90394716380857,3.6239878147734204
4.115396,21.58728,0.0,5.245492778823715,3.9398779769911507,20.520159716425148,3.5709720463748336
4.28199,22.48675,0.0,5.2514718623817425,4.111177019469027,21.127478368333886,3.5201118215375726
4.448599,23.38622,0.0,5.25698540147134,4.282476061946903,21.7262550543117,3.4712099129663256
4.615194,23.38622,0.0,5.067223609668413,4.453775104424779,22.316810267640157,3.4240956229777564
4.781764,24.28569,0.0,5.078814010896397,4.625074146902655,22.89943720819089,3.3786203226253058
4.948343,25.18516,0.0,5.089614846828524,4.796373189380531,23.474405245416037,3.3346538752649546
5.115047,25.18516,0.0,4.923739703662547,4.9676722318584075,24.04196282976931,3.292081744516121
5.283696,26.08463,0.0,4.936815062789381,5.138971274336283,24.602339956373946,3.2508026370268643
5.450008,26.08463,0.0,4.786163616640563,5.31027031681416,25.155750262420504,3.210726566953795
5.616927,26.984099999999998,0.0,4.804068131916259,5.481569359292036,25.702392822811014,3.1717732557918596
5.783413,26.984099999999998,0.0,4.665774344664646,5.652868401769911,26.242453695549194,3.13387080097482
5.949878,27.88357,0.0,4.68641037681781,5.824167444247788,26.776107258299945,3.096954561467792
6.116695,27.88357,0.0,4.558600682231172,5.995466486725664,27.303517369672488,3.0609662197521543
6.283589,28.78304,0.0,4.580668786580408,6.16676552920354,27.82483838258964,3.0258529881232
6.449623,29.68251,0.0,4.602208532188626,6.338064571681416,28.340216032195006,2.991566933769687
6.616697,29.68251,0.0,4.486001096921924,6.509363614159292,28.84978821682985,2.9580644021781812
6.783201,30.58198,0.0,4.50848795428589,6.6806626566371685,29.35368568745937,2.925305522365588
6.949686,30.58198,0.0,4.400483705306974,6.851961699115044,29.852032658380132,2.893253780556579
7.116571,31.48145,0.0,4.4236824167144535,7.023260741592921,30.344947349966603,2.8618756513863906
7.283073,31.48145,0.0,4.322550384981724,7.194559784070797,30.83254247251857,2.8311402776715013
7.449784,32.38092,0.0,4.346558235782407,7.365858826548672,31.314925658876618,2.801019191362514
7.620655,32.38092,0.0,4.249099322827238,7.537157869026549,31.792199852319563,2.7714860695599355
7.788497,33.28039,0.0,4.273018272973592,7.708456911504425,32.26446365530091,2.7425165204993225
7.954011,33.28039,0.0,4.184101580950792,7.879755953982301,32.73181164378239,2.7140878952474257
8.120799,34.17986,0.0,4.208928210142869,8.051054996460177,33.194334651253925,2.6861791215342445
8.287635,34.17986,0.0,4.124199485136592,8.222354038938054,33.65212002596647,2.658770556707511
8.454222,34.17986,0.0,4.04293381460766,8.393653081415929,34.10525186442905,2.631843857259829
8.62078,35.07933,0.0,4.069159635207023,8.564952123893805,34.55381122381833,2.6053818627631253
8.787323,35.07933,0.0,3.99203830336042,8.736251166371682,34.99787631560649,2.5793684923651217
8.953902,35.9788,0.0,4.018225796976559,8.907550208849559,35.437522682420735,2.5537886522700015
9.120647,35.9788,0.0,3.9447640063254283,9.078849251327433,35.872823359897026,2.5286281528498153
9.287223,35.9788,0.0,3.874010562683808,9.25014829380531,36.30384902507562,2.5038736342220402
9.448603,36.87827,0.0,3.9030394228649463,9.421447336283187,36.730668132700465,2.4795124992882602
9.615912,36.87827,0.0,3.835129730804525,9.592746378761062,37.15334704062437,2.455532853364158
9.781859,37.77774,0.0,3.8620205014200266,9.764045421238938,37.5719501253826,2.4319234496459643
9.948482,37.77774,0.0,3.7973371213819354,9.935344463716815,37.98653988887752,2.4086736398565702
10.115341,37.77774,0.0,3.734697624133482,10.10664350619469,38.39717705701099,2.385773329498337
10.281796,38.67721,0.0,3.761717310866701,10.277942548672566,38.803920671010005,2.363212937211586
10.448817,38.67721,0.0,3.7015874620064646,10.449241591150443,39.206828172110406,2.3409833577995958
10.614956,38.67721,0.0,3.643652408921903,10.62054063362832,39.60595548019296,2.3190759285342875
10.783148,39.576679999999996,0.0,3.6702343323118622,10.791839676106195,40.001357066904006,2.297482398402884
10.951006,39.576679999999996,0.0,3.6139766520080436,10.963138718584071,40.39308602373846,2.2761948999958097
11.119313,40.47615,0.0,3.64016643834021,11.134437761061948,40.78119412551415,2.2552059237708093
11.28261,40.47615,0.0,3.587481088152475,11.305736803539823,41.165731889624325,2.234508294458498
11.449029,40.47615,0.0,3.535334743234557,11.4770358460177,41.546748631416776,2.2140951494009333
11.615642,41.37562,0.0,3.5620605387115063,11.648334888495576,41.92429251601454,2.1939599186378786
11.782227,41.37562,0.0,3.511697746105214,11.819633930973453,42.29841060686316,2.174096306575638
11.947826,41.37562,0.0,3.4630249888138644,11.990932973451327,42.66914891126284,2.154498275091095
12.114581,42.27509,0.0,3.4896039739220037,12.162232015929204,43.036552423119616,2.1351600279392278
12.281188,42.27509,0.0,3.4422638917342523,12.33353105840708,43.40066516312879,2.116075996346109
12.448141,42.27509,0.0,3.396096654110843,12.504830100884956,43.76153021658433,2.097240825681602
12.614138,42.27509,0.0,3.351405383388068,12.676129143362832,44.11918976899091,2.0786493631166874
12.781038,43.17456,0.0,3.3780167150743154,12.847428185840709,44.47368513963984,2.060296646179915
12.947345,43.17456,0.0,3.334626519954477,13.018727228318584,44.82505681329624,2.04217789213593
13.11408,43.17456,0.0,3.2922294205922187,13.19002627079646,45.17334447013209,2.0242884881165506
13.281074,44.07403,0.0,3.318559176765373,13.361325313274337,45.518587014028654,2.0066239819415923
13.447214,44.07403,0.0,3.2775584593210163,13.532624355752214,45.86082259936159,1.9891800735725953
13.613879,44.07403,0.0,3.2374336513494795,13.703923398230089,46.200088656372536,1.9719526071479727
13.780815,44.9735,0.0,3.2634862306764876,13.875222440707965,46.53642191522278,1.9549375635528685
13.946979,44.9735,0.0,3.2246051277484535,14.046521483185842,46.869858428816826,1.9381310534813059
14.113999,44.9735,0.0,3.1864463076694283,14.217820525663717,47.20043359447696,1.9215293109520402
14.280354,44.9735,0.0,3.149326690360757,14.389119568141593,47.52818217454349,1.9051286872429987
14.446905,45.87297,0.0,3.175280103247028,14.56041861061947,47.85313831596929,1.888925645212285
14.613763,45.87297,0.0,3.1390251778409164,14.731717653097345,48.17533556897277,1.8729167539765303
14.780126,45.87297,0.0,3.103692756069874,14.903016695575221,48.494806904807845,1.8570986839198986
14.947059,45.87297,0.0,3.069029833895752,15.074315738053098,48.811584732705455,1.841468202009334
15.113621,46.77244,0.0,3.09472098049832,15.245614780530975,49.1257009160373,1.8260221673937023
15.578105,46.77244,0.0,3.002447345168106,15.41691382300885,49.43718678774856,1.8107575272663354
15.744744,47.67191,0.0,3.02779835607362,15.588212865486726,49.746073165102956,1.795671312972198
15.911379,47.67191,0.0,2.9960891510408993,15.759511907964603,50.052390363780844,1.780760636342412
16.077967,47.67191,0.0,2.965045891685186,15.930810950442478,50.356168211367674,1.7660226862402797
16.244565,47.67191,0.0,2.9346375233808963,16.102109992920354,50.65743606026778,1.7514547253042159
16.41151,47.67191,0.0,2.9047851172744004,16.27340903539823,50.956222800076276,1.737054086874142
16.577752,48.57138,0.0,2.929913537130969,16.444708077876108,51.25255686943918,1.7228181720889626
16.744358,48.57138,0.0,2.900760960796467,16.616007120353984,51.54646626743016,1.7087444471436941
16.911021,48.57138,0.0,2.872173123077548,16.787306162831857,51.837978564470404,1.6948304406956916
17.077614,48.57138,0.0,2.844154927029033,16.958605205309734,52.127120912816224,1.6810737414102248
17.244255,49.47085,0.0,2.8688308077095823,17.12990424778761,52.413920056637444,1.667471995636388
17.410858,49.47085,0.0,2.8413792129026607,17.301203290265487,52.69840234170833,1.654022905204987
17.577411,49.47085,0.0,2.8144560083393393,17.472502332743364,52.980593724731165,1.640724225340681
17.744056,49.47085,0.0,2.788023775398364,17.64380137522124,53.26051978231139,1.6275737626812012
17.910749,49.47085,0.0,2.762076002516701,17.815100417699117,53.53820571960222,1.6145693733969986
18.07727,50.37032,0.0,2.7863897590731344,17.98639946017699,53.81367637863522,1.601708961405143
18.243884,51.26979,0.0,2.81024534030144,18.157698502654867,54.086956246352685,1.5889904766717355
18.410609,52.16926,0.0,2.8336520535523837,18.328997545132744,54.35806946235634,1.5764119135974983
18.577097,53.06873,0.0,2.8566750768432767,18.50029658761062,54.627039826386266,1.5639713094815753
18.74369,53.968199999999996,0.0,2.879272971330618,18.671595630088497,54.89389080554312,1.5516667430589188
18.910376,54.86767,0.0,2.9014584374208106,18.842894672566374,55.15864554126577,1.5394963331069578
19.076958,55.76714,0.0,2.923272148525986,19.01419371504425,55.421326856075744,1.5274582371175278
19.243582,56.66661,0.0,2.9447017712191004,19.185492757522123,55.68195726009982,1.5155506500303146
19.410191,57.56608,0.0,2.9657657670653523,19.3567918,55.940558957380354,1.5037718030243132
19.576746,58.46555,0.0,2.9864794690598733,19.528090842477877,56.19715385198354,1.49211996236403
19.743426,59.36502,0.0,3.0068246514054855,19.699389884955753,56.451763553914354,1.4805934282973823
19.910079,59.36502,0.0,2.981656677504896,19.87068892743363,56.704409384847054,1.469190534002419
20.076679,60.26449,0.0,3.001716070670852,20.041987969911506,56.95511238367909,1.457909644580205
20.24494,60.26449,0.0,2.976768022034148,20.21328701238938,57.203893311916445,1.4467491560913528
20.411701,60.26449,0.0,2.9524482060559283,20.384586054867256,57.45077265889741,1.435707494633855
20.578079,60.26449,0.0,2.92857705522464,20.555885097345133,57.69577064686172,1.424783115460024
20.745022,60.26449,0.0,2.9050096934098217,20.72718413982301,57.93890723587174,1.4139745021304608
20.911403,61.16396,0.0,2.924909438166344,20.898483182300886,58.180202128591674,1.4032801657031304
21.078035,61.16396,0.0,2.901786622899146,21.069782224778763,58.419674774930805,1.392698643955705
21.244799,61.16396,0.0,2.8790086458337405,21.24108126725664,58.657344376556175,1.3822285006394854
21.411266,61.16396,0.0,2.856625105680346,21.412380309734512,58.893229891280114,1.371868324763274
21.577842,62.06343,0.0,2.876257505268599,21.58367935221239,59.12735003732754,1.3616167299056987
21.744531,62.06343,0.0,2.85420872034444,21.754978394690266,59.35972329748773,1.3514723535545614
21.91117,62.06343,0.0,2.832501870050755,21.926277437168142,59.59036792315527,1.3414338564718644
22.07804,62.06343,0.0,2.8110932854546866,22.09757647964602,59.819301938264246,1.331499922083265
22.24425,62.06343,0.0,2.7900886746013014,22.268875522123896,60.046543143119834,1.321669255890753
22.411016,62.9629,0.0,2.8094620966760275,22.440174564601772,60.2721091181313,1.3119405849074441
22.57778,62.9629,0.0,2.7887108475678297,22.611473607079645,60.4960172274499,1.3023126571134158
22.744155,62.9629,0.0,2.7683112430424432,22.782772649557522,60.71828462251534,1.2927842409315988
22.911136,62.9629,0.0,2.748135229959789,22.9540716920354,60.938928245514106,1.2833541247227749
23.077352,63.86237,0.0,2.7673179314507137,23.125370734513275,61.157964832752825,1.2740211162987847
23.243986,63.86237,0.0,2.7474792834585258,23.296669776991152,61.3754109179498,1.264784042453118
23.41095,63.86237,0.0,2.727884601009357,23.46796881946903,61.59128283544751,1.2556417485080698
23.577161,63.86237,0.0,2.7086539384449213,23.639267861946905,61.80559672334891,1.2465930978777262
23.743776,63.86237,0.0,2.689646752058308,23.81056690442478,62.018368526580254,1.2376369716460558
23.910435,63.86237,0.0,2.6708995465787218,23.981865946902655,62.229613999882744,1.2287722681594369
24.076999,63.86237,0.0,2.6524223388471295,24.15316498938053,62.439348710735715,1.2199979026329772
24.24369,64.76184,0.0,2.671286425457511,24.324464031858408,62.64758804221345,1.2113128067700223
24.410461,64.76184,0.0,2.6530363355284443,24.495763074336285,62.85434719577787,1.202715928394279
24.576779,64.76184,0.0,2.6350824898576013,24.66706211681416,63.05964119400936,1.1942062310940034
24.743777,64.76184,0.0,2.617298078623971,24.838361159292035,63.263484883277485,1.1857826938777456
24.910119,64.76184,0.0,2.599820578938222,25.00966020176991,63.46589293635392,1.17744431084115
25.076667,65.66131,0.0,2.618422535977369,25.180959244247788,63.66687985496892,1.1691900908443547
25.508199,65.66131,0.0,2.5741256762188502,25.352258286725665,63.86645997231365,1.1610190571995413
25.674833,65.66131,0.0,2.557419166075978,25.52355732920354,64.06464745548975,1.1529302473682153
25.841353,66.56078,0.0,2.5757467110951966,25.694856371681418,64.26145630790778,1.1449227126678214
26.008255,66.56078,0.0,2.559217448460114,25.866155414159294,64.45690037163628,1.1369955179873097
26.174549,66.56078,0.0,2.5429580467651993,26.037454456637168,64.65099332970283,1.1291477415112898
26.341189,66.56078,0.0,2.5268707498359317,26.208753499115044,64.84374870834851,1.1213784744524353
26.507813,66.56078,0.0,2.510987232330332,26.38005254159292,65.03517987923728,1.1136868207918047
26.674441,66.56078,0.0,2.4953017759584912,26.551351584070797,65.22530006162144,1.1060718970267691
26.841042,67.46025,0.0,2.51332455722099,26.722650626548674,65.41412232446466,1.0985328319262488
27.007623,67.46025,0.0,2.4978225592085614,26.89394966902655,65.60165958852357,1.0910687662929786
27.174209,67.46025,0.0,2.4825101624853185,27.065248711504427,65.78792462838933,1.0836788527325272
27.340879,67.46025,0.0,2.4673767803880775,27.2365477539823,65.97293007449002,1.0763622554288177
27.507523,67.46025,0.0,2.452429104576228,27.407846796460177,66.15668841505536,1.069118149925897
27.674199,68.35972,0.0,2.4701607443091667,27.579145838938054,66.3392119980443,1.0619457229157319
27.840729,68.35972,0.0,2.4553854175298353,27.75044488141593,66.52051303303699,1.0548441720317911
28.007435,68.35972,0.0,2.440770459701147,27.921743923893807,66.70060359309167,1.0478127056482178
28.173944,68.35972,0.0,2.4263454204352786,28.093042966371684,66.87949561656781,1.0408505426843724
28.340615,69.25919,0.0,2.443813939817467,28.26434200884956,67.0572009089161,1.033956912414563
28.507258,69.25919,0.0,2.4295282976707195,28.435641051327433,67.23373114443623,1.0271310542827696
28.673879,69.25919,0.0,2.4154105553699243,28.60694009380531,67.4090978680036,1.0203722177221861
28.840436,69.25919,0.0,2.401461267783885,28.778239136283187,67.5833124967651,1.0136796619794122
29.007081,69.25919,0.0,2.387664929125409,28.949538178761063,67.75638632180562,1.0070526559431268
29.173632,69.25919,0.0,2.3740338535839487,29.12083722123894,67.92833050978523,1.000490477977093
29.34025,69.25919,0.0,2.360552142534573,29.292136263716817,68.09915610454827,0.9939924157573397
29.506919,70.15866,0.0,2.377701989150409,29.46343530619469,68.26887402870494,0.987557766113381
29.67354,70.15866,0.0,2.364350866125174,29.634734348672566,68.4374950851859,0.9811858348733336
29.840017,70.15866,0.0,2.351160188682198,29.806033391150443,68.60502995877073,0.9748759367128035
30.006785,70.15866,0.0,2.338093201254316,29.97733243362832,68.77148921759087,0.9686273950074136
30.173226,70.15866,0.0,2.32519585409926,30.148631476106196,68.93688331460746,0.9624395416888527
30.341907,70.15866,0.0,2.3122692980372,30.319930518584073,69.10122258906496,0.9563117171043318
30.507976,70.15866,0.0,2.2996825485899164,30.49122956106195,69.26451726792092,0.9502432698793326
30.67491,70.15866,0.0,2.2871675907117575,30.662528603539823,69.42677746725249,0.9442335567835473
30.841138,71.05813,0.0,2.3040048003416738,30.8338276460177,69.58801319364025,0.9382819425999025
31.0081,71.05813,0.0,2.2915989693015697,31.005126688495576,69.74823434552991,0.9323877999965715
31.174903,71.05813,0.0,2.279337645413043,31.176425730973452,69.9074507145722,0.9265505094018829
31.341268,71.05813,0.0,2.2672385175992242,31.34772477345133,70.06567198694178,0.9207694588820277
31.507797,71.05813,0.0,2.2552554213803018,31.519023815929206,70.22290774463524,0.9150440440214878
31.676251,71.05813,0.0,2.2432619946091474,31.690322858407082,70.37916746674892,0.909373667806095
31.841021,71.9576,0.0,2.2599024070239455,31.861621900884955,70.53446053073696,0.9037577405086418
32.00818,71.9576,0.0,2.2481003293533086,32.03292094336283,70.68879621364995,0.8981956795769693
32.174255,71.9576,0.0,2.236496229671829,32.20421998584071,70.84218369335451,0.8926869095244552
32.340875,71.9576,0.0,2.2249738140974853,32.375519028318585,70.99463204973448,0.8872308618228313
32.507822,71.9576,0.0,2.2135472502587223,32.54681807079646,71.14615026587376,0.8818269747972609
32.674075,71.9576,0.0,2.202284226867937,32.71811711327434,71.29674722922165,0.8764746935236123
32.841046,71.9576,0.0,2.191087336255977,32.889416155752215,71.44643173274036,0.8711734697278615
33.007488,71.9576,0.0,2.1800386627422235,33.06071519823009,71.5952124760359,0.8659227616875644
33.173915,71.9576,0.0,2.169101837995304,33.23201424070797,71.74309806647193,0.8607220341353397
33.340959,71.9576,0.0,2.1582342607481686,33.403313283185845,71.89009702026746,0.8555707581643031
33.50723,72.85707,0.0,2.1743686362614874,33.574612325663715,72.03621776357838,0.8504684111354028
33.673766,72.85707,0.0,2.163615141828805,33.74591136814159,72.18146863356337,0.8454144765865959
33.84077,72.85707,0.0,2.1529377138877157,33.91721041061947,72.32585787943435,0.840408444143822
34.007108,72.85707,0.0,2.142407110889876,34.088509453097345,72.46939366349184,0.8354498094337204
34.173517,72.85707,0.0,2.1319745930745144,34.25980849557522,72.6120840621455,0.8305380739980444
34.340542,72.85707,0.0,2.1216051278398576,34.4311075380531,72.75393706692023,0.8256727452097263
34.506894,72.85707,0.0,2.1113772221863836,34.602406580530975,72.89496058544788,0.8208533361905508
34.673434,72.85707,0.0,2.1012360644751826,34.77370562300885,73.03516244244523,0.8160793657303909
34.840306,73.75654,0.0,2.116988869156316,34.94500466548673,73.17455038067793,0.8113503582079691
35.006716,73.75654,0.0,2.1069254253955156,35.116303707964605,73.31313206191135,0.8066658435130983
35.438137,73.75654,0.0,2.081275886483536,35.28760275044248,73.45091506784797,0.8020253569703706
35.604782,73.75654,0.0,2.0715346607093394,35.45890179292036,73.58790690105195,0.7974284392642514
35.771343,73.75654,0.0,2.0618890378256136,35.630200835398234,73.72411498586098,0.792874636365545
35.937911,74.65601,0.0,2.077360868304226,35.801499877876104,73.85954666928552,0.7883634994591973
36.10459,74.65601,0.0,2.0677706075598694,35.97279892035398,73.99420922189609,0.7838945848734002
36.271218,74.65601,0.0,2.058271382008732,36.14409796283186,74.12810983869804,0.7794674540099691
36.437984,74.65601,0.0,2.0488512756358856,36.315397005309734,74.26125563999503,0.7750816732759542
36.604385,74.65601,0.0,2.0395373395837684,36.48669604778761,74.39365367224053,0.7707368140164657
36.771001,74.65601,0.0,2.0302958301298353,36.65799509026549,74.52531090887808,0.7664324524486741
36.937613,75.55548,0.0,2.045488970822235,36.829294132743364,74.65623425117026,0.7621681695969613
37.104253,75.55548,0.0,2.036302415251427,37.00059317522124,74.7864305290167,0.7579435512291964
37.27094,75.55548,0.0,2.027195450396475,37.17189221769912,74.91590650176127,0.7537581877941044
37.437494,75.55548,0.0,2.018176750826324,37.343191260176994,75.04466885898864,0.7496116743597075
37.604104,75.55548,0.0,2.009234949461899,37.51449030265487,75.17272422131029,0.7455036105528092
37.77069,75.55548,0.0,2.000373305332786,37.68578934513275,75.30007914114037,0.7414336004994997
37.937234,75.55548,0.0,1.9915916906330073,37.857088387610624,75.42674010346141,0.7374012527666582
38.103898,75.55548,0.0,1.9828805966255736,38.0283874300885,75.55271352658002,0.7334061803044294
38.270495,76.45495,0.0,1.9977517928628832,38.19968647256637,75.67800576287296,0.7294480003896502
38.437151,76.45495,0.0,1.9890899302084069,38.37098551504425,75.80262309952347,0.7255263345702077
38.60369,76.45495,0.0,1.980508858091027,38.54228455752212,75.9265717592482,0.7216408086103083
38.770298,76.45495,0.0,1.9719979970233916,38.7135836,76.04985790101483,0.7177910524366313
38.936897,76.45495,0.0,1.9635604244477929,38.884882642477876,76.17248762075062,0.7139767000853567
39.103542,76.45495,0.0,1.9551924477838862,39.05618168495575,76.2944669520417,0.7101973896500401
39.270177,76.45495,0.0,1.9468959867433244,39.22748072743363,76.41580186682397,0.7064527632303204
39.436767,76.45495,0.0,1.9386718490387407,39.398779769911506,76.53649827606478,0.7027424668814412
39.603448,76.45495,0.0,1.9305124644702651,39.57007881238938,76.65656203043628,0.6990661505645686
39.769938,76.45495,0.0,1.9224307063289863,39.74137785486726,76.77599892098044,0.6954234680978884
39.936561,76.45495,0.0,1.9144099563304913,39.912676897345136,76.89481467976546,0.6918140771084644
40.103229,76.45495,0.0,1.9064537172306,40.08397593982301,77.01301498053428,0.6882376389848466
40.271864,76.45495,0.0,1.8984706046881763,40.25527498230089,77.13060543934479,0.6846938188304061
40.438144,76.45495,0.0,1.8906641709372218,40.42657402477876,77.24759161520234,0.6811822854173917
40.604666,77.35442,0.0,1.905062339387301,40.597873067256636,77.36397901068429,0.6777027111416807
40.771672,77.35442,0.0,1.8972589596031284,40.76917210973451,77.4797730725569,0.6742547719782234
40.937929,77.35442,0.0,1.8895538169505353,40.94047115221239,77.59497919238461,0.6708381474371559
41.104552,77.35442,0.0,1.881894248598063,41.111770194690266,77.70960270713202,0.6674525205205738
41.271208,77.35442,0.0,1.8742950291156975,41.28306923716814,77.82364889975831,0.6640975776799523
41.437779,77.35442,0.0,1.8667607643739788,41.45436827964602,77.9371229998045,0.6607730087741988
41.604824,77.35442,0.0,1.8592656466952007,41.625667322123896,78.0500301839737,0.6574785070283276
41.770952,77.35442,0.0,1.8518711280509002,41.79696636460177,78.1623755767041,0.6542137689927411
41.937554,77.35442,0.0,1.8445143462587257,41.96826540707965,78.2741642507352,0.6509784945031096
42.104621,77.35442,0.0,1.837195494527786,42.139564449557525,78.38540122766724,0.6477723866408358
42.270815,77.35442,0.0,1.8299722870259305,42.3108634920354,78.49609147851379,0.6445951516940919
42.43767,77.35442,0.0,1.8227772636904902,42.48216253451328,78.60623992424777,0.6414464991194219
42.604127,77.35442,0.0,1.8156555584392096,42.653461576991155,78.71585143634094,0.6383261415038937
42.770396,77.35442,0.0,1.8085972362752967,42.824760619469025,78.82493083729695,0.635233794527796
42.937623,78.25389,0.0,1.8225016787724835,42.9960596619469,78.93348290117811,0.632169176927863
43.103962,78.25389,0.0,1.8154686105189122,43.16735870442478,79.04151235412576,0.6291320104610243
43.270529,78.25389,0.0,1.80848008583394,43.338657746902655,79.14902387487456,0.6261220198686654
43.437374,78.25389,0.0,1.8015336286212882,43.50995678938053,79.25602209526082,0.6231389328413911
43.603808,78.25389,0.0,1.7946572464496677,43.68125583185841,79.36251160072453,0.6201824799842817
43.770301,79.15335999999999,0.0,1.8083805272438036,43.852554874336285,79.46849693080583,0.6172523947826353
43.937198,79.15335999999999,0.0,1.8015113298758831,44.02385391681416,79.57398257963538,0.6143484135681848
44.103508,79.15335999999999,0.0,1.7947180074655285,44.19515295929204,79.67897299641919,0.6114702754857819
44.270436,79.15335999999999,0.0,1.787950766963307,44.366452001769915,79.78347258591756,0.6086177224605407
44.437105,79.15335999999999,0.0,1.781244750304953,44.53775104424779,79.88748570891865,0.6057904991654324
44.60342,79.15335999999999,0.0,1.774602934035103,44.70905008672567,79.9910166827064,0.6029883529893219
44.769994,79.15335999999999,0.0,1.768000236944414,44.880349129203545,80.0940697815231,0.6002110340054392
44.936555,79.15335999999999,0.0,1.7614470001093763,45.051648171681414,80.19664923702649,0.5974582949402805
45.103235,79.15335999999999,0.0,1.7549375338598217,45.22294721415929,80.29875923874167,0.594729891142927
45.534703,80.05283,0.0,1.758061977476827,45.39424625663717,80.4004039345077,0.5920255805547774
45.701344,80.05283,0.0,1.7516515488034663,45.565545299115044,80.50158743091913,0.589345123679687
45.867919,80.05283,0.0,1.7452902103537768,45.73684434159292,80.60231379376248,0.5866882835545049
46.034664,80.05283,0.0,1.7389684868776276,45.9081433840708,80.70258704844751,0.5840548257200028
46.20116,80.05283,0.0,1.7327017330300798,46.079442426548674,80.80241118043378,0.5814445181921912
46.367825,80.05283,0.0,1.7264736916169778,46.25074146902655,80.90179013565219,0.5788571314340127
46.534336,80.05283,0.0,1.720295955227555,46.42204051150443,81.00072782092177,0.5762924383274097
46.701026,80.9523,0.0,1.733415878272139,46.593339553982304,81.0992281043616,0.5737502141457576
46.867617,80.9523,0.0,1.7272544494848114,46.76463859646018,81.19729481579823,0.571230236526659
47.034172,80.9523,0.0,1.7211379845275048,46.93593763893806,81.29493174716832,0.5687322854450934
47.201078,80.9523,0.0,1.7150519316529167,47.107236681415934,81.39214265291673,0.5662561431869143
47.367414,80.9523,0.0,1.70902933396364,47.27853572389381,81.4889312503902,0.5638015943226906
47.533993,80.9523,0.0,1.7030401801085802,47.44983476637168,81.58530122022637,0.5613684256818859
47.700678,80.9523,0.0,1.697089085400421,47.62113380884956,81.68125620673871,0.5589564263273692
47.867257,80.9523,0.0,1.691183181856441,47.79243285132743,81.77679981829681,0.5565653875302533
48.033871,80.9523,0.0,1.68531701307188,47.96373189380531,81.87193562770258,0.5541951027450552
48.200413,80.9523,0.0,1.6794939080708706,48.13503093628319,81.96666717256211,0.5518453675851731
48.367085,80.9523,0.0,1.6737064059163373,48.30632997876106,82.06099795565348,0.5495159797986742
48.533669,80.9523,0.0,1.667961678314491,48.47762902123894,82.15493144529027,0.5472067392443913
48.700292,80.9523,0.0,1.6622549203606418,48.648928063716816,82.24847107568127,0.5449174478683197
48.866927,80.9523,0.0,1.6565866726180674,48.82022710619469,82.34162024728579,0.5426479096803132
49.033518,80.9523,0.0,1.6509584321483928,48.99152614867257,82.43438232716542,0.5403979307310709
49.200464,80.9523,0.0,1.6453564340368823,49.162825191150446,82.52676064933159,0.5381673190894153
49.366791,80.9523,0.0,1.6398128855489107,49.33412423362832,82.6187585150893,0.5359558848198512
49.533306,81.85177,0.0,1.6524592564041656,49.5054232761062,82.71037919337718,0.5337634399604065
49.699993,81.85177,0.0,1.6469171333686103,49.67672231858407,82.80162592110358,0.5315897985007478
49.866586,81.85177,0.0,1.6414151552303982,49.848021361061946,82.89250190347911,0.5294347763605667
50.03323,81.85177,0.0,1.6359481488602674,50.01932040353982,82.98301031434536,0.5272981913682346
50.199771,81.85177,0.0,1.6305207846466074,50.1906194460177,83.07315429650005,0.5251798632397195
50.368513,81.85177,0.0,1.6250582978298367,50.361918488495576,83.16293696201862,0.5230796135577627
50.534667,82.75124,0.0,1.6375143028052406,50.53321753097345,83.25236139257224,0.520997265751311
50.701707,82.75124,0.0,1.632119407735128,50.70451657345133,83.34143063974224,0.5189326450752006
50.868194,82.75124,0.0,1.6267776284725184,50.875815615929206,83.43014772533132,0.5168855785900892
51.03455,82.75124,0.0,1.621474863597308,51.04711465840708,83.518515641671,0.5148558951426321
51.201905,82.75124,0.0,1.6161750231754073,51.21841370088496,83.60653735192602,0.5128434253458993
51.368306,82.75124,0.0,1.6109396326988086,51.389712743362836,83.69421579039515,0.5108480015600312
51.534266,82.75124,0.0,1.6057517924093454,51.56101178584071,83.78155386280895,0.5088694578731254
51.701302,82.75124,0.0,1.600563947112976,51.73231082831859,83.86855444662407,0.5069076300823578
51.867528,82.75124,0.0,1.5954344305747519,51.903609870796465,83.95522039131438,0.5049623556753278
52.034123,83.65071,0.0,1.6076125660847596,52.074908913274335,84.04155451865903,0.5030334738116297
52.201076,83.65071,0.0,1.6024709912109858,52.24620795575221,84.12755962302725,0.5011208253046435
52.367392,83.65071,0.0,1.597381630156415,52.41750699823009,84.21323847166015,0.4992242526035453
52.534296,83.65071,0.0,1.5923066714361225,52.588806040707965,84.29859380494932,0.4973435997755301
52.700977,83.65071,0.0,1.587270573750464,52.76010508318584,84.38362833671258,0.49547871248824843
52.86732,83.65071,0.0,1.5822763476567376,52.93140412566372,84.46834475446657,0.49362943799245007
53.03427,83.65071,0.0,1.577295397862552,53.102703168141595,84.55274571969652,0.49179562510483493
53.200585,83.65071,0.0,1.5723644768191931,53.27400221061947,84.636833868123,0.48997712419110595
53.366827,83.65071,0.0,1.5674664337829192,53.44530125309735,84.72061180996587,0.4881737871492229
53.533652,83.65071,0.0,1.5625817943449853,53.616600295575225,84.80408213020527,0.48638546739285293
53.700424,84.55018,0.0,1.5744788160331844,53.7878993380531,84.88724738883994,0.48461201983501634
53.867007,84.55018,0.0,1.569609761314565,53.95919838053098,84.97011012114257,0.48285330087192435
54.033815,84.55018,0.0,1.5647642129285153,54.130497423008855,85.05267283791258,0.4811091683670059
54.200207,84.55018,0.0,1.559960462881627,54.301796465486724,85.13493802572606,0.479379481635122
54.366831,84.55018,0.0,1.5551794806653343,54.4730955079646,85.21690814718309,0.47766410142696364
54.533495,84.55018,0.0,1.5504265772806234,54.64439455044248,85.29858564115231,0.4759628899136324
54.700034,84.55018,0.0,1.5457061690309004,54.815693592920354,85.37997292301304,0.4742757106713996
54.867052,84.55018,0.0,1.5410009635655293,54.98699263539823,85.46107238489458,0.47260242866664337
55.033246,84.55018,0.0,1.5363473199454745,55.15829167787611,85.54188639591305,0.47094291024095947
55.464634,85.44965,0.0,1.5406150521068978,55.329590720353984,85.62241730240586,0.46929702309644517
55.631267,85.44965,0.0,1.5360004293988128,55.50088976283186,85.7026674281633,0.4676646362811525
55.797839,85.44965,0.0,1.5314150427940407,55.67218880530974,85.78263907465802,0.4660456201747101
55.964431,85.44965,0.0,1.5268564063485253,55.843487847787614,85.86233452127183,0.46443984647411
56.131039,85.44965,0.0,1.5223243952423542,56.01478689026549,85.94175602552023,0.46284718817965803
56.297693,85.44965,0.0,1.5178179681359234,56.18608593274337,86.0209058232744,0.4612675195810853
56.464323,85.44965,0.0,1.5133387856257483,56.357384975221244,86.09978612898092,0.45970071624381936
56.63089,85.44965,0.0,1.5088876406498293,56.52868401769912,86.17839913587915,0.45814665499541174
56.797841,85.44965,0.0,1.504452431563376,56.69998306017699,86.25674701621628,0.4566052139121213
56.964084,85.44965,0.0,1.500061863541947,56.87128210265487,86.33483192146007,0.4550762723056496
57.130716,85.44965,0.0,1.4956866635454036,57.04258114513274,86.41265598250936,0.4535597107100289
57.297381,86.34912,0.0,1.5070343267522122,57.21388018761062,86.49022130990238,0.4520554108686573
57.463959,86.34912,0.0,1.502665696945802,57.3851792300885,86.56752999402276,0.4505632557214829
57.630694,86.34912,0.0,1.4983182399295765,57.55647827256637,86.64458410530344,0.44908312939233197
57.797189,86.34912,0.0,1.494002069893053,57.72777731504425,86.72138569442836,0.4476149171763815
57.963747,86.34912,0.0,1.4897090762610636,57.89907635752213,86.79793679253214,0.4461585055277729
58.130463,86.34912,0.0,1.485436646186699,58.0703754,86.87423941139741,0.4447137820473655
58.29707,86.34912,0.0,1.4811914217987285,58.24167444247788,86.95029554365036,0.4432806354706284
58.463729,86.34912,0.0,1.4769690794099022,58.41297348495576,87.02610716295395,0.4418589556556686
58.630249,86.34912,0.0,1.4727742329731535,58.58427252743363,87.10167622419925,0.44044863357139347
58.796959,87.24859,0.0,1.483896301507702,58.75557156991151,87.17700466369473,0.43904956128580663
58.963473,87.24859,0.0,1.4797057493543502,58.92687061238938,87.25209439935351,0.43766163195443436
59.130048,87.24859,0.0,1.475537276749716,59.098169654867256,87.32694733087868,0.43628473980888255
59.296723,87.24859,0.0,1.4713897427350242,59.26946869734513,87.40156533994669,0.43491878014552066
59.463322,87.24859,0.0,1.4672673349800402,59.44076773982301,87.47595029038871,0.43356364931429303
59.629924,87.24859,0.0,1.4631678886593917,59.612066782300886,87.55010402837024,0.4322192447076544
59.79647,87.24859,0.0,1.4590926521247825,59.78336582477876,87.62402838256867,0.43088546474962863
59.963102,87.24859,0.0,1.4550379665148077,59.95466486725664,87.69772516434918,0.4295622088849898
60.129716,87.24859,0.0,1.451006188021909,60.125963909734516,87.77119616793851,0.4282493775685632
60.298352,87.24859,0.0,1.4469481686663674,60.29726295221239,87.84444317059723,0.4269468722546449
60.465009,87.24859,0.0,1.4429600101440485,60.46856199469027,87.91746793278992,0.4256545953865392
60.631163,87.24859,0.0,1.4390057139428447,60.639861037168146,87.99027219835384,0.4243724503862114
60.79825,88.14806,0.0,1.4498453491671224,60.81116007964602,88.06285769466554,0.4231003416440554
60.964439,88.14806,0.0,1.4458930721891823,60.9824591221239,88.135226132806,0.4218381745087745
61.131079,88.14806,0.0,1.441951646232189,61.153758164601776,88.20737920772385,0.4205858552773732
61.298092,88.14806,0.0,1.438022899636093,61.325057207079645,88.27931859839707,0.4193432911852605
61.464446,88.14806,0.0,1.4341308795006467,61.49635624955752,88.35104596799275,0.41811039039646125
61.63102,88.14806,0.0,1.430254764564987,61.6676552920354,88.42256296402547,0.41688706199393544
61.797794,88.14806,0.0,1.4263949292429434,61.838954334513275,88.49387121851379,0.4156732159700043
61.964164,88.14806,0.0,1.4225651458801252,62.01025337699115,88.56497234813526,0.4144687632168808
62.130834,88.14806,0.0,1.4187490224258055,62.18155241946903,88.63586795437978,0.4132736155173049
62.297333,88.14806,0.0,1.4149572021004495,62.352851461946905,88.7065596237013,0.41208768553528047
62.464011,88.14806,0.0,1.4111815522061175,62.52415050442478,88.77704892766803,0.4109108868069145
62.630911,88.14806,0.0,1.4074210097311215,62.69544954690266,88.84733742311107,0.40974313373135574
62.797213,88.14806,0.0,1.4036938231637763,62.866748589380535,88.91742665227144,0.40858434156183254
62.963759,89.04753,0.0,1.41426641951285,63.03804763185841,88.9873181429456,0.4074344263967892
63.130675,89.04753,0.0,1.4105271328082585,63.20934667433629,89.05701340862959,0.40629330517111756
63.296966,89.04753,0.0,1.4068214580774692,63.380645716814165,89.12651394866143,0.4051608956474855
63.463733,89.04753,0.0,1.4031246790982181,63.551944759292034,89.19582124836228,0.40403711640775897
63.630318,89.04753,0.0,1.3994512804415027,63.72324380176991,89.26493677917603,0.40292188684451724
63.796859,89.04753,0.0,1.3957980282383495,63.89454284424779,89.33386199880741,0.4018151271526612
63.963778,89.04753,0.0,1.3921555727993427,64.06584188672566,89.40259835135873,0.40071675832111164
64.130072,89.04753,0.0,1.38854561086412,64.23714092920355,89.47114726746523,0.3996267021245977
64.2967,89.04753,0.0,1.384947127924139,64.40843997168142,89.53951016442892,0.3985448811155359
64.463731,89.04753,0.0,1.3813586123334995,64.5797390141593,89.60768844635116,0.39747121861599377
64.629992,89.04753,0.0,1.3778050599170737,64.75103805663717,89.67568350426384,0.3964056387097441
64.796916,89.04753,0.0,1.3742556821685772,64.92233709911504,89.7434967162591,0.3953480662344024
64.96329,89.04753,0.0,1.3707361496007975,65.09363614159292,89.8111294476179,0.3942984267736501
65.12962,89.04753,0.0,1.3672355220251553,65.2649351840708,89.87858305093707,0.39325664664954224
65.527865,89.04753,0.0,1.3589261606493663,65.43623422654868,89.94585886625512,0.3922226529148968
65.694551,89.04753,0.0,1.35547817352462,65.60753326902655,90.01295822117699,0.3911963733457671
65.86116,89.04753,0.0,1.3520492199044172,65.77883231150443,90.07988243099699,0.39017773643399456
66.027808,89.947,0.0,1.3622593680529271,65.9501313539823,90.14663279882097,0.389166671379842
66.194482,89.947,0.0,1.3588292752256905,66.12143039646018,90.21321061568705,0.38816310808470506
66.361017,89.947,0.0,1.3554192516368457,66.29272943893805,90.279617160685,0.3871669771439036
66.527604,89.947,0.0,1.3520252435365026,66.46402848141594,90.34585370107465,0.38617820983954854
66.694307,89.947,0.0,1.3486458446895626,66.6353275238938,90.41192149240274,0.3851967381334867
66.860797,89.947,0.0,1.3452875830959656,66.80662656637169,90.4778217786189,0.38422249466031977
67.027416,89.947,0.0,1.3419434220767215,66.97792560884956,90.54355579219029,0.3832554127204995
67.194013,89.947,0.0,1.3386162841621025,67.14922465132743,90.609124754215,0.38229542627349533
67.360634,89.947,0.0,1.3353051279178874,67.32052369380531,90.67452987453444,0.3813424699310358
67.527166,89.947,0.0,1.3320120675581144,67.49182273628318,90.73977235184441,0.38039647895042245
67.693854,89.947,0.0,1.3287321475299663,67.66312177876107,90.80485337380519,0.3794573892279137
67.86037,90.84647,0.0,1.3387264172004956,67.83442082123894,90.86977411715044,0.3785251372921809
68.027089,90.84647,0.0,1.3354455017177054,68.00571986371682,90.93453574779491,0.377599660297833
68.193646,90.84647,0.0,1.3321837931938703,68.17701890619469,90.99913942094116,0.37668089601901056
68.3603,90.84647,0.0,1.3289360930247527,68.34831794867257,91.06358628118514,0.37576878284304804
68.526812,90.84647,0.0,1.325706936432414,68.51961699115044,91.12787746262066,0.37486325976420315
68.693471,90.84647,0.0,1.3224906046747877,68.69091603362833,91.19201408894284,0.37396426637745295
68.860058,90.84647,0.0,1.3192912210442809,68.8622150761062,91.2559972735505,0.3730717428723563
69.026682,90.84647,0.0,1.3161065745561984,69.03351411858408,91.31982811964752,0.37218563002698013
69.193375,90.84647,0.0,1.3129359566577001,69.20481316106195,91.38350772034303,0.37130586920189224
69.359906,90.84647,0.0,1.3097836378267296,69.37611220353982,91.44703715875079,0.3704324023342156
69.526492,90.84647,0.0,1.3066453863370524,69.5474112460177,91.5104175080874,0.36956517193174654
69.693162,90.84647,0.0,1.3035205663361922,69.71871028849557,91.57364983176953,0.3687041210671361
69.859738,90.84647,0.0,1.3004124063562907,69.89000933097346,91.63673518351027,0.36784919337213107
70.026366,90.84647,0.0,1.2973180701680278,70.06130837345133,91.69967460741432,0.36700033303187735
70.192994,90.84647,0.0,1.294238424991531,70.23260741592921,91.76246913807236,0.36615748477928295
70.361698,90.84647,0.0,1.2911352707832604,70.40390645840708,91.82511980065439,0.3653205938894406
70.527838,91.74594,0.0,1.300847191714568,70.57520550088496,91.88762761100216,0.36448960617410914
70.694883,91.74594,0.0,1.2977734187635617,70.74650454336283,91.94999357572051,0.3636644679762535
70.861099,91.74594,0.0,1.2947292843990468,70.91780358584072,92.01221869226809,0.3628451261646411
71.027794,91.74594,0.0,1.291690686606429,71.08910262831859,92.07430394904681,0.36203152812849704
71.1947,91.74594,0.0,1.2886624987534185,71.26040167079647,92.13625032549065,0.3612236217722134
71.360907,91.74594,0.0,1.2856610693022723,71.43170071327434,92.19805879215338,0.36042135551011634
71.527828,91.74594,0.0,1.28266078483468,71.60299975575221,92.25973031079549,0.3596246782612864
71.694226,91.74594,0.0,1.2796838060571294,71.77429879823009,92.32126583447027,0.35883353944443414
71.860684,91.74594,0.0,1.2767195480633053,71.94559784070796,92.38266630760887,0.35804788897283013
72.027689,91.74594,0.0,1.2737593177534825,72.11689688318585,92.44393266610467,0.3572676772492865
72.193972,91.74594,0.0,1.2708254921892925,72.28819592566371,92.50506583739661,0.3564928551611931
72.360625,92.64541,0.0,1.2803290463563575,72.4594949681416,92.56606674055193,0.35572337407560417
72.527585,92.64541,0.0,1.277381702423981,72.63079401061947,92.62693628634776,0.3549591858343775
72.693876,92.64541,0.0,1.2744596257324343,72.80209305309735,92.68767537735211,0.3542002427493639
72.860485,92.64541,0.0,1.2715453376408352,72.97339209557522,92.74828490800401,0.35344649759764746
73.027061,92.64541,0.0,1.2686449205452757,73.1446911380531,92.80876576469274,0.3526979036168352
73.193694,92.64541,0.0,1.2657567194244903,73.31599018053097,92.86911882583632,0.35195441450039655
73.360675,92.64541,0.0,1.2628756482952208,73.48728922300886,92.92934496195923,0.3512159843930509
73.526917,92.64541,0.0,1.26002032697767,73.65858826548673,92.98944503576936,0.3504825678862041
73.693527,92.64541,0.0,1.2571716102012596,73.82988730796461,93.049419902234,0.34975412001343165
73.860489,92.64541,0.0,1.2543297675703176,74.00118635044248,93.10927040865538,0.34903059624601007
74.026744,92.64541,0.0,1.2515126965465346,74.17248539292035,93.16899739474505,0.34831195248849434
74.193387,92.64541,0.0,1.248701720545525,74.34378443539823,93.22860169269799,0.34759814507434106
74.360254,93.54488,0.0,1.2579957029194657,74.5150834778761,93.28808412726545,0.3468891307615786
74.526518,93.54488,0.0,1.2551891931942938,74.68638252035399,93.34744551582753,0.34618486672852056
74.693591,93.54488,0.0,1.2523816133033423,74.85768156283186,93.40668666846463,0.3454853105695254
74.859791,93.54488,0.0,1.2496011376788376,75.02898060530974,93.46580838802849,0.34479042029079954
75.026412,93.54488,0.0,1.2468259844279908,75.20027964778761,93.52481147021231,0.34410015430624374
75.457956,93.54488,0.0,1.239695387455234,75.3715786902655,93.58369670362025,0.34341447143334364
75.624586,93.54488,0.0,1.2369638625195252,75.54287773274336,93.64246486983622,0.34273333088910235
75.79117,93.54488,0.0,1.2342450974170212,75.71417677522125,93.70111674349201,0.3420566922860151
75.957782,93.54488,0.0,1.2315378034603488,75.88547581769912,93.75965309233462,0.3413845156280868
76.124362,93.54488,0.0,1.2288428768703505,76.056774860177,93.81807467729303,0.3407167613068893
76.291067,93.54488,0.0,1.2261577099190395,76.22807390265487,93.87638225254426,0.3400533900976613
76.457627,93.54488,0.0,1.2234865725037478,76.39937294513274,93.93457656557874,0.3393943631554472
76.624196,93.54488,0.0,1.2208269043371105,76.57067198761062,93.99265835726507,0.3387396420112768
76.790894,94.44435,0.0,1.2298899658597542,76.7419710300885,94.05062836191408,0.338089188568385
76.957395,94.44435,0.0,1.2272290401721626,76.91327007256638,94.10848730734224,0.3374429650984693
77.123939,94.44435,0.0,1.224578920949564,77.08456911504425,94.16623591493457,0.3368009342379874
77.290647,94.44435,0.0,1.2219376297885045,77.25586815752213,94.22387489970666,0.33616305898449217
77.457225,94.44435,0.0,1.2193097545128941,77.4271672,94.28140497036628,0.3355293026930055
77.623872,94.44435,0.0,1.2166920763756799,77.59846624247788,94.33882682937436,0.33489962907242843
77.79043,94.44435,0.0,1.2140870027328554,77.76976528495575,94.39614117300522,0.3342740021819897
77.957008,94.44435,0.0,1.2114927499526404,77.94106432743364,94.45334869140635,0.33365238642772993
78.123619,94.44435,0.0,1.2089090496434887,78.1123633699115,94.51045006865743,0.33303474655902254
78.290325,94.44435,0.0,1.2063348823753128,78.28366241238939,94.56744598282896,0.332421047665131
78.456876,94.44435,0.0,1.2037740325016255,78.45496145486726,94.62433710604009,0.33181125517180066
78.623467,94.44435,0.0,1.2012234209921064,78.62626049734513,94.68112410451602,0.3312053348378869
78.790345,94.44435,0.0,1.1986792290349788,78.79755953982301,94.73780763864478,0.33060325275201685
78.956614,94.44435,0.0,1.1961550174884652,78.96885858230088,94.79438836303342,0.3300049753292867
79.123224,94.44435,0.0,1.1936362704330654,79.14015762477877,94.85086692656367,0.32941046930799195
79.289891,95.34382,0.0,1.2024713213441043,79.31145666725664,94.90724397244699,0.32881970174639225
79.45652,95.34382,0.0,1.1999496076596357,79.48275570973452,94.9635201382791,0.32823264001950914
79.623148,95.34382,0.0,1.197438463498077,79.65405475221239,95.01969605609405,0.3276492518159566
79.789723,95.34382,0.0,1.1949386013033283,79.82535379469027,95.0757723524176,0.32706950513480454
79.956305,95.34382,0.0,1.1924490507659151,79.99665283716814,95.13174964832015,0.3264933682824744
80.122939,95.34382,0.0,1.1899690798910907,80.16795187964603,95.18762855946912,0.3259208098696667
80.291483,95.34382,0.0,1.1874711543190701,80.3392509221239,95.24340969618079,0.3253517988083204
80.457862,95.34382,0.0,1.1850155799566235,80.51054996460178,95.29909366347175,0.3247863043086026
80.624766,95.34382,0.0,1.182562439933159,80.68184900707965,95.35468106110955,0.3242242958759308
80.791181,95.34382,0.0,1.1801265784194936,80.85314804955752,95.41017248366319,0.323665743308024
80.957624,95.34382,0.0,1.177700323813851,81.0244470920354,95.46556852055286,0.323110616691985
81.12459,95.34382,0.0,1.1752764482384441,81.19574613451327,95.52086975609929,0.322558886401413
81.290942,95.34382,0.0,1.1728713883030164,81.36704517699116,95.57607676957255,0.32201052309354444
81.457777,95.34382,0.0,1.170469211306859,81.53834421946902,95.63119013524042,0.321465497706425
81.624254,95.34382,0.0,1.1680819772025115,81.70964326194691,95.68621042241625,0.3209237814561087
81.790634,95.34382,0.0,1.165705843532158,81.88094230442478,95.74113819550632,0.3203853458338874
81.957594,96.24329,0.0,1.1743059465606078,82.05224134690266,95.79597401405685,0.31985016260354715
82.123997,96.24329,0.0,1.1719265198453503,82.22354038938053,95.85071843280026,0.31931820379865405
82.290641,96.24329,0.0,1.1695532909993982,82.39483943185841,95.90537200170132,0.31878944171986695
82.457167,96.24329,0.0,1.167191324921459,82.56613847433628,95.95993526600262,0.3182638489322779
82.623742,96.24329,0.0,1.164838189003834,82.73743751681417,96.01440876626961,0.3177413982627799
82.790815,96.24329,0.0,1.162487529564723,82.90873655929204,96.06879303843527,0.31722206279746157
82.957201,96.24329,0.0,1.1601559459557949,83.08003560176992,96.12308861384429,0.3167058158790283
83.123669,96.24329,0.0,1.1578325542872752,83.25133464424779,96.17729601929673,0.31619263110424994
83.290541,96.24329,0.0,1.1555128450900565,83.42263368672566,96.23141577709143,0.3156824823214346
83.456583,96.24329,0.0,1.1532138812824388,83.59393272920354,96.2854484050688,0.31517534362792776
83.623235,96.24329,0.0,1.1509156516128562,83.76523177168141,96.33939441665333,0.314671189367638
83.790001,97.14276,0.0,1.1593598143052892,83.9365308141593,96.39325432089561,0.3141699941285865
83.956637,97.14276,0.0,1.1570587325931123,84.10782985663717,96.44702862251386,0.313671732740483
84.123657,97.14276,0.0,1.154761495924981,84.27912889911505,96.50071782193521,0.31317638027232547
84.290003,97.14276,0.0,1.15248257850934,84.45042794159292,96.55432241533646,0.31268391203002466
84.456352,97.14276,0.0,1.1502125973899513,84.6217269840708,96.60784289468447,0.3121943035540532
84.62307,97.14276,0.0,1.1479465351469758,84.79302602654867,96.66127974777612,0.31170753061711765
84.823169,97.14276,0.0,1.1452385137838932,84.96432506902656,96.71463345827789,0.31122356922185546
84.989636,97.14276,0.0,1.142995364752474,85.13562411150443,96.76790450576507,0.3107423955985549
85.156585,97.14276,0.0,1.1407545288482386,85.30692315398231,96.82109336576059,0.3102639862028976
85.554366,97.14276,0.0,1.135450644330647,85.47822219646018,96.87420050977337,0.3097883177137252
85.72096,97.14276,0.0,1.1332439580704647,85.64952123893805,96.92722640533643,0.3093153670308281
85.887617,97.14276,0.0,1.131045002680654,85.82082028141593,96.98017151604446,0.3088451112727565
86.054284,97.14276,0.0,1.1288544333249,85.9921193238938,97.03303630159121,0.30837752777465416
86.22089,97.14276,0.0,1.1266731299108603,86.16341836637169,97.08582121780634,0.307912594086114
86.387798,97.14276,0.0,1.1244963090736495,86.33471740884956,97.13852671669197,0.3074502879690558
86.554023,97.14276,0.0,1.1223367399109803,86.50601645132744,97.19115324645894,0.3069905873956246
86.720637,97.14276,0.0,1.1201804248739546,86.67731549380531,97.24370125156256,0.30653347054611174
86.887303,98.04223,0.0,1.128383856039357,86.8486145362832,97.29617117273817,0.3060789158068956
87.053873,98.04223,0.0,1.126224791859634,87.01991357876106,97.34856344703616,0.30562690176840474
87.220497,98.04223,0.0,1.1240732783258505,87.19121262123895,97.40087850785685,0.30517740722310027
87.387128,98.04223,0.0,1.1219298796500097,87.36251166371682,97.45311678498491,0.30473041116347993
87.553696,98.04223,0.0,1.119795445300219,87.5338107061947,97.50527870462341,0.3042858927801015
87.720313,98.04223,0.0,1.1176684925873441,87.70510974867257,97.55736468942757,0.303843831459627
87.886964,98.04223,0.0,1.1155491729126061,87.87640879115044,97.60937515853828,0.303404206782886
88.053574,98.04223,0.0,1.1134383937669583,88.04770783362832,97.66131052761517,0.3029669985229591
88.220149,98.04223,0.0,1.1113360282354545,88.21900687610619,97.71317120886924,0.3025321866432808
88.386869,98.04223,0.0,1.109239767278101,88.39030591858408,97.7649576110955,0.3020997512957613
88.553338,98.04223,0.0,1.1071545377544096,88.56160496106195,97.816670139705,0.3016696728189275
88.719962,98.9417,0.0,1.1152135074178684,88.73290400353983,97.8683091967566,0.30124193173608294
88.886609,98.9417,0.0,1.1131226752052155,88.9042030460177,97.91987518098858,0.30081650875348614
89.053225,98.9417,0.0,1.111040054978357,89.07550208849558,97.97136848784973,0.30039338475854765
89.219821,98.9417,0.0,1.1089654618338676,89.24680113097345,98.02278950953028,0.299972540818045
89.386436,98.9417,0.0,1.106898366548589,89.41810017345134,98.07413863499244,0.2995539581763559
89.553011,98.9417,0.0,1.10483945648684,89.5893992159292,98.12541625000063,0.2991376182537097
89.719604,98.9417,0.0,1.1027879703971943,89.76069825840709,98.17662273715162,0.2987235026444556
89.886256,98.9417,0.0,1.1007433661493253,89.93199730088496,98.22775847590404,0.2983115931153492
90.052865,98.9417,0.0,1.0987068540240224,90.10329634336283,98.27882384260782,0.2979018716038564
90.219464,98.9417,0.0,1.0966779851407673,90.27459538584071,98.32981921053332,0.29749432021647326
90.387813,98.9417,0.0,1.0946354017880708,90.44589442831858,98.38074494990012,0.2970889212270648
90.554641,98.9417,0.0,1.0926187648405563,90.61719347079647,98.43160142790552,0.29668565707521855
90.720927,98.9417,0.0,1.090616060393651,90.78849251327433,98.48238900875285,0.2962845103646163
90.887629,98.9417,0.0,1.088615701483422,90.95979155575222,98.53310805367937,0.29588546386142117
91.054633,98.9417,0.0,1.0866190630849064,91.13109059823009,98.58375892098402,0.2954885004926817
91.220871,99.84117,0.0,1.094499196351677,91.30238964070797,98.63434196605485,0.2950936033447519
91.387477,99.84117,0.0,1.0925038449195834,91.47368868318584,98.68485754139613,0.2947007556617265
91.554212,99.84117,0.0,1.090514219050894,91.64498772566373,98.73530599665523,0.29430994084389356
91.720645,99.84117,0.0,1.0885354109753589,91.8162867681416,98.78568767864932,0.29392114244620093
91.887656,99.84117,0.0,1.086556936439863,91.98758581061948,98.8360029313917,0.2935343441767391
92.053587,99.84117,0.0,1.0845983655150777,92.15888485309735,98.88625209611783,0.2931495298952397
92.220408,99.84117,0.0,1.0826363943217427,92.33018389557522,98.93643551131126,0.2927666836115878
92.387645,99.84117,0.0,1.0806766424233456,92.5014829380531,98.98655351272922,0.29238578948435073
92.553656,99.84117,0.0,1.0787382618359236,92.67278198053097,99.03660643342796,0.29200683181932074
92.720329,99.84117,0.0,1.0767991343085075,92.84408102300885,99.0865946037878,0.2916297950680725
92.887243,99.84117,0.0,1.0748641769892988,93.01538006548672,99.13651835153804,0.2912546638265355
93.053522,99.84117,0.0,1.0729434829989564,93.18667910796461,99.18637800178155,0.2908814228335802
93.220493,99.84117,0.0,1.0710216904774361,93.35797815044248,99.23617387701904,0.2905100569696191
93.386783,99.84117,0.0,1.0691145662443475,93.52927719292036,99.2859062971734,0.29014055125522126
93.553285,99.84117,0.0,1.0672118034123548,93.70057623539823,99.33557557961338,0.2897728908497411
93.720322,99.84117,0.0,1.0653097201266553,93.87187527787611,99.38518203917735,0.289407061049961
93.886639,99.84117,0.0,1.063422560051383,94.04317432035398,99.43472598819673,0.2890430472887474
94.053241,100.74064,0.0,1.0711022706809221,94.21447336283187,99.48420773651912,0.28868083513372034
94.220174,100.74064,0.0,1.0692045633454255,94.38577240530974,99.53362759153138,0.28832041028593675
94.386545,100.74064,0.0,1.0673199236183506,94.55707144778762,99.58298585818225,0.28796175857858647
94.553321,100.74064,0.0,1.0654373525388918,94.72837049026549,99.63228283900497,0.2876048659757017
94.719796,100.74064,0.0,1.0635647906167365,94.89966953274336,99.6815188341395,0.28724971857087944
94.886334,100.74064,0.0,1.0616980944800753,95.07096857522124,99.73069414135472,0.2868963025860162
95.053191,100.74064,0.0,1.059834382624777,95.24226761769911,99.77980905607016,0.2865446043700567
95.451069,100.74064,0.0,1.0554165716048711,95.413566660177,99.82886387137782,0.28619461039775296
95.617636,100.74064,0.0,1.053578024037323,95.58486570265487,99.87785887806345,0.28584630726843846
95.784239,100.74064,0.0,1.051745475578712,95.75616474513275,99.9267943646279,0.2854996817048125
95.950802,100.74064,0.0,1.0499197286542743,95.92746378761062,99.97567061730808,0.28515472055173763
96.117439,100.74064,0.0,1.0480995025262794,96.0987628300885,100.02448792009785,0.28481141077504935
96.284135,100.74064,0.0,1.0462849357269501,96.27006187256637,100.07324655476859,0.284469739460377
96.450843,100.74064,0.0,1.044476511211001,96.44136091504426,100.12194680088965,0.2841296938119774
96.617284,100.74064,0.0,1.0426772087693958,96.61265995752213,100.17058893584851,0.28379126115157904
96.783959,101.64010999999999,0.0,1.0501751638409418,96.783959,100.21917323487094,0.28345442891723893
