Time,Height,Time_Uniform,Height_Model,Wicking_Rate
0.325385,0.6986899563318777,0.0,0.0,0.0
0.536062,1.3973799126637554,0.17154932210708115,2.6998690350158734,8.037279361951777
0.692272,2.096069868995633,0.3430986442141623,3.85187585846696,5.7802865272550585
0.858626,2.7947598253275108,0.5146479663212434,4.748976716185943,4.779456912550046
1.024719,3.4934497816593884,0.6861972884283246,5.513988745243296,4.182164617519267
1.191229,4.192139737991266,0.8577466105354058,6.194485032805697,3.774022964102466
1.358128,4.890829694323144,1.0292959326424869,6.814864667183045,3.4723124919146273
1.524804,5.5895196506550215,1.200845254749568,7.389622415839867,3.237458086474719
1.691173,6.288209606986899,1.3723945768566492,7.928202924300342,3.0478322774523763
1.857794,6.986899563318777,1.5439438989637304,8.437166903163558,2.8904858362816626
2.024675,7.685589519650654,1.7154932210708116,8.921291552543666,2.757129386588482
2.191011,8.384279475982533,1.8870425431778928,9.384183618670729,2.6421777281144276
2.35749,9.08296943231441,2.0585918652849737,9.82864549732935,2.541712017589574
2.526064,9.781659388646288,2.230141187392055,10.256906071739664,2.4528906163678355
2.693529,10.480349344978166,2.401690509499136,10.6707727732911,2.3735960315788494
2.868521,11.179039301310045,2.5732398316062173,11.07173542586029,2.3022137120037205
3.031378,11.87772925764192,2.7447891537132985,11.461039339331604,2.237488193828581
3.201061,12.576419213973798,2.9163384758203796,11.839738099706171,2.1784265375082663
3.357384,13.275109170305676,3.087887797927461,12.20873255079213,2.124231716441436
3.524109,13.973799126637552,3.259437120034542,12.568800141075108,2.0742555628123274
3.690768,14.672489082969433,3.430986442141623,12.920617395722612,2.027964827800762
3.857182,14.672489082969433,3.6025357642487044,13.264777385308445,1.9849162444638648
4.023903,15.371179039301309,3.7740850863557855,13.601803488932113,1.9447379007221959
4.190212,15.371179039301309,3.9456344084628667,13.932160369459277,1.9071151182801156
4.356742,16.069868995633186,4.1171837305699475,14.256262821516644,1.8717796034783678
4.523379,16.069868995633186,4.288733052677029,14.57448297546785,1.8385010102746095
4.696429,16.768558951965066,4.46028237478411,14.88715621598971,1.807080306134245
4.864699,16.768558951965066,4.631831696891191,15.194586084927993,1.7773445025218821
5.0305,17.46724890829694,4.803381018998272,15.497048373691708,1.7491424302093401
5.196208,17.46724890829694,4.974930341105353,15.794794563153868,1.7223413230795277
5.360183,18.16593886462882,5.1464796632124346,16.088054733879176,1.696824033709614
5.525045,18.16593886462882,5.318028985319516,16.37704004307738,1.672486747137048
5.691347,18.16593886462882,5.489578307426597,16.661944844608435,1.6492370907828433
5.85813,18.864628820960696,5.661127629533678,16.942948512966584,1.6269925618799514
6.024949,18.864628820960696,5.832676951640759,17.220217020248608,1.6056792112389526
6.19144,18.864628820960696,6.0042262737478405,17.493904305803035,1.5852305353893326
6.357938,19.563318777292576,6.175775595854922,17.764153470930882,1.5655865391996555
6.523939,19.563318777292576,6.347324917962003,18.03109782519974,1.5466929388162147
6.690618,20.26200873362445,6.518874240069084,18.29486180629443,1.528500480753554
6.85774,20.26200873362445,6.690423562176165,18.55556179159944,1.5109643576488803
7.024121,20.26200873362445,6.861972884283246,18.81330681669311,1.494043704870275
7.191009,20.96069868995633,7.0335222063903275,19.068199213480522,1.4777011650791436
7.357341,20.96069868995633,7.205071528497409,19.320335178685404,1.4619025101651313
7.52358,20.96069868995633,7.37662085060449,19.569805281771178,1.446616311828595
7.690721,21.659388646288207,7.548170172711571,19.81669491999732,1.4318136535817128
7.856762,21.659388646288207,7.719719494818652,20.061084727184728,1.4174678781511039
8.023818,21.659388646288207,7.8912688169257335,20.30305094181895,1.403554365251429
8.190634,22.35807860262009,8.062818139032814,20.542665739328726,1.390050335506614
8.356928,22.35807860262009,8.234367461139895,20.779997532711523,1.376934676958814
8.523361,22.35807860262009,8.405916783246976,21.015111245115463,1.3641877911529927
8.690497,23.05676855895197,8.577466105354057,21.248068557510564,1.3517914562391544
8.85613,23.05676855895197,8.749015427461138,21.47892813417669,1.3397287049123465
9.023513,23.05676855895197,8.92056474956822,21.707745828389683,1.3279837153265155
9.190536,23.75545851528384,9.0921140716753,21.934574870390673,1.3165417133833552
9.356318,23.75545851528384,9.263663393782382,22.159466039469013,1.3053888850204087
9.523237,23.75545851528384,9.435212715889463,22.38246782176995,1.2945122973111622
9.689905,23.75545851528384,9.606762037996544,22.603626555248375,1.2838998273496218
9.856445,24.45414847161572,9.778311360103626,22.822986563025953,1.2735400980276577
10.023156,24.45414847161572,9.949860682210707,23.040590276265814,1.2634224199292405
10.189742,24.45414847161572,10.121410004317788,23.256478347555014,1.2535367386647316
10.356206,25.152838427947597,10.292959326424869,23.470689755675863,1.2438735870533786
10.523181,25.152838427947597,10.46450864853195,23.683261902552616,1.2344240416352221
10.689455,25.152838427947597,10.636057970639031,23.894230703076072,1.2251796830566561
10.856051,25.152838427947597,10.807607292746113,24.10363066843562,1.2161325599283477
11.023176,25.851528384279476,10.979156614853194,24.311494983523346,1.2072751558014447
11.189296,25.851528384279476,11.150705936960275,24.51785557891777,1.1986003589490177
11.356281,25.851528384279476,11.322255259067356,24.722743197904155,1.1901014346753862
11.522694,25.851528384279476,11.493804581174437,24.92618745894351,1.1817719999071552
11.689149,26.55021834061135,11.665353903281519,25.128216913962618,1.1736059998470365
11.85618,26.55021834061135,11.8369032253886,25.32885910280189,1.1655976864954114
12.02242,26.55021834061135,12.008452547495681,25.528140604126172,1.1577415988655733
12.188995,26.55021834061135,12.180001869602762,25.7260870830756,1.1500325447370328
12.355559,27.24890829694323,12.351551191709843,25.922723335908035,1.142465583807545
12.522177,27.24890829694323,12.523100513816924,26.118073331862234,1.1350360121188752
12.688756,27.24890829694323,12.694649835924006,26.3121602524504,1.127739347644036
12.855514,27.24890829694323,12.866199158031087,26.505006528370544,1.120571316934999
13.021664,27.947598253275107,13.037748480138168,26.696633874212708,1.1135278427398643
13.188689,27.947598253275107,13.20929780224525,26.887063321118113,1.1066050325073975
13.355245,27.947598253275107,13.38084712435233,27.076315247537032,1.0997991677047292
13.521568,27.947598253275107,13.552396446459412,27.264409408219016,1.0931066938811076
13.688949,28.646288209606983,13.723945768566493,27.451364961558216,1.0865242114168867
13.855061,28.646288209606983,13.895495090673574,27.63720049540642,1.080048466902594
14.022062,28.646288209606983,14.067044412780655,27.821934051457674,1.0736763450979754
14.188407,28.646288209606983,14.238593734887736,28.005583148299884,1.0674048614254583
14.354957,29.344978165938866,14.410143056994817,28.188164803221593,1.0612311549565554
14.5217,29.344978165938866,14.581692379101899,28.369695552855063,1.0551524818533993
14.68812,29.344978165938866,14.75324170120898,28.550191472730862,1.0491662092309084
14.854695,29.344978165938866,14.924791023316061,28.729668195813268,1.043269809408066
15.021705,30.04366812227074,15.096340345423142,28.90814093008085,1.0374608545194852
15.486099,30.04366812227074,15.267889667530223,29.08562447521157,1.0317370114608782
15.652748,30.04366812227074,15.439438989637305,29.262133238427793,1.02609603714424
15.819302,30.742358078602617,15.610988311744386,29.4376812495522,1.0205357740405663
15.985968,30.742358078602617,15.782537633851467,29.6122821753223,1.0150541459897335
16.15257,30.742358078602617,15.954086955958548,29.78594933300769,1.0096491542588188
16.319209,30.742358078602617,16.125636278065627,29.95869570337117,1.0043188738316329
16.485731,30.742358078602617,16.29718560017271,30.13053394301207,0.9990614499136026
16.652352,31.441048034934497,16.46873492227979,30.30147639612733,0.9938750946373908
16.818988,31.441048034934497,16.640284244386873,30.47153510572376,0.988758083955756
16.985642,31.441048034934497,16.811833566493952,30.640721824312372,0.9837087547092108
17.152251,31.441048034934497,16.983382888601035,30.809048024113885,0.9787255018569683
17.318834,32.13973799126637,17.154932210708115,30.976524906802396,0.9738067758605359
17.485323,32.13973799126637,17.326481532815198,31.143163412812648,0.968951080210111
17.652,32.13973799126637,17.498030854922277,31.30897423023447,0.9641569690846536
17.818649,32.13973799126637,17.66958017702936,31.473967803316718,0.9594230451371792
17.985287,32.13973799126637,17.84112949913644,31.638154340601453,0.9547479573974297
18.151831,32.83842794759825,18.012678821243522,31.801543822707853,0.9501303992846336
18.318672,32.83842794759825,18.1842281433506,31.964146009784162,0.9455691067235955
18.484996,32.83842794759825,18.355777465457685,32.125970448644914,0.9410628563578165
18.651662,32.83842794759825,18.527326787564764,32.28702647960943,0.9366104638537969
18.818209,32.83842794759825,18.698876109671847,32.447323243056985,0.9322107822910688
18.984829,33.53711790393013,18.870425431778926,32.606869685712596,0.9278627006328827
19.151562,33.53711790393013,19.04197475388601,32.76567456667722,0.9235651422728126
19.318302,33.53711790393013,19.21352407599309,32.92374646321468,0.9193170636528674
19.484648,33.53711790393013,19.38507339810017,33.081093776307426,0.9151174529489802
19.651304,33.53711790393013,19.55662272020725,33.23772473599229,0.9109653288200338
19.817865,34.23580786026201,19.728172042314334,33.3936474064868,0.9068597392168156
19.984505,34.23580786026201,19.899721364421413,33.54886969111616,0.9027997602475403
20.152761,34.23580786026201,20.071270686528496,33.70339933705006,0.8987844950967931
20.319698,34.23580786026201,20.242820008635576,33.857243939858584,0.8948130729949395
20.485884,34.23580786026201,20.41436933074266,34.01041094789539,0.8908846482352426
20.652974,34.23580786026201,20.585918652849738,34.16290766651609,0.8869983992361005
20.819381,34.93449781659388,20.75746797495682,34.314741262139606,0.883153527645969
20.98589,34.93449781659388,20.9290172970639,34.46591876615938,0.8793492574886972
21.152806,34.93449781659388,21.100566619170984,34.61644707871129,0.8755848343471315
21.318981,34.93449781659388,21.272115941278063,34.766332972304646,0.8718595245829814
21.485586,34.93449781659388,21.443665263385146,34.91558309532239,0.8681726145910551
21.652572,35.633187772925766,21.615214585492225,35.0642039753961,0.8645234100860898
21.818769,35.633187772925766,21.78676390759931,35.212202022661344,0.8609112354205064
21.985592,35.633187772925766,21.958313229706388,35.359583532898604,0.8573354329315118
22.15243,35.633187772925766,22.129862551813467,35.50635469056452,0.8537953623160719
22.318706,35.633187772925766,22.30141187392055,35.65252157171824,0.8502904000323541
22.485254,35.633187772925766,22.47296119602763,35.798090146847244,0.8468199387263291
22.65201,36.33187772925764,22.644510518134712,35.943066283596934,0.8433833866822853
22.818484,36.33187772925764,22.816059840241792,36.0874557494078,0.83998016729609
22.985067,36.33187772925764,22.987609162348875,36.231264214064275,0.8366097185700876
23.151823,36.33187772925764,23.159158484455954,36.37449725215851,0.833271492628595
23.318309,36.33187772925764,23.330707806563037,36.517160345472945,0.8299649552530057
23.485003,37.03056768558952,23.502257128670117,36.65925888528455,0.8266895854355717
23.651532,37.03056768558952,23.6738064507772,36.8007981745942,0.8234448749509814
23.818129,37.03056768558952,23.84535577288428,36.941783430283934,0.8202303279449001
23.984822,37.03056768558952,24.016905094991362,37.08221978520508,0.8170454605386852
24.151381,37.03056768558952,24.18845441709844,37.22211229019984,0.8138898004495273
24.318379,37.72925764192139,24.360003739205524,37.36146591605907,0.8107628866253108
24.484633,37.72925764192139,24.531553061312604,37.50028555541855,0.8076642688935263
24.651221,37.72925764192139,24.703102383419687,37.63857602459624,0.8045935076235948
24.817776,37.72925764192139,24.874651705526766,37.776342065372695,0.801550173402005
24.984117,37.72925764192139,25.04620102763385,37.91358834671681,0.7985338467196919
25.15105,38.42794759825328,25.21775034974093,38.05031946645893,0.7955441176711132
25.582436,38.42794759825328,25.38929967184801,38.186539952913364,0.7925805856645114
25.749072,38.42794759825328,25.56084899395509,38.322254266452006,0.7896428591428696
25.915778,38.42794759825328,25.732398316062174,38.4574668010311,0.7867305553150999
26.08229,38.42794759825328,25.903947638169253,38.59218188567263,0.7838432998970226
26.248995,39.12663755458515,26.075496960276336,38.72640378590219,0.7809807268617148
26.415593,39.12663755458515,26.247046282383415,38.86013670514465,0.7781424781988333
26.582165,39.12663755458515,26.4185956044905,38.993384786079446,0.7753282036825291
26.748799,39.12663755458515,26.590144926597578,39.12615211195666,0.7725375606475963
26.915374,39.12663755458515,26.76169424870466,39.25844270787542,0.7697702137735075
27.082015,39.12663755458515,26.93324357081174,39.39026054202586,0.7670258348760131
27.248786,39.12663755458515,27.104792892918823,39.521609526896015,0.7643041027059894
27.415242,39.12663755458515,27.276342215025903,39.6524935204448,0.7616047027552415
27.58178,39.82532751091703,27.447891537132985,39.782916327242205,0.7589273270689765
27.748358,39.82532751091703,27.619440859240065,39.91288169957789,0.7562716740646772
27.914998,39.82532751091703,27.790990181347148,40.042393338539284,0.7536374483571213
28.081597,39.82532751091703,27.962539503454227,40.171454895060144,0.7510243605892978
28.248291,39.82532751091703,28.13408882556131,40.30006997094052,0.748432127268988
28.414868,39.82532751091703,28.30563814766839,40.42824211983934,0.7458604706107895
28.581415,39.82532751091703,28.477187469775473,40.555974848240155,0.743309118383366
28.748076,40.5240174672489,28.648736791882552,40.683271616391224,0.7407778037617221
28.914622,40.5240174672489,28.820286113989635,40.81013583922064,0.7382662651843088
29.081243,40.5240174672489,28.991835436096714,40.93657088722734,0.7357742462147712
29.247922,40.5240174672489,29.163384758203797,41.06258008734879,0.7333014954081616
29.41447,40.5240174672489,29.334934080310877,41.18816672380612,0.7308477661814514
29.581087,40.5240174672489,29.50648340241796,41.313334038927316,0.7284128166881736
29.747681,41.222707423580786,29.67803272452504,41.438085233949366,0.7259964096970457
29.914515,41.222707423580786,29.849582046632122,41.562423469799825,0.723598312474419
30.080871,41.222707423580786,30.0211313687392,41.686351867858555,0.7212182966704184
30.24951,41.222707423580786,30.192680690846284,41.80987351070027,0.7188561382086295
30.415839,41.222707423580786,30.364230012953364,41.932991442818405,0.7165116171792094
30.582386,41.222707423580786,30.535779335060447,42.05570867133099,0.714184517735289
30.74945,41.222707423580786,30.707328657167526,42.17802816666895,0.7118746279925532
30.915479,41.92139737991266,30.87887797927461,42.299952863247526,0.7095817399318813
31.082256,41.92139737991266,31.05042730138169,42.42148566012115,0.7073056493049377
31.249228,41.92139737991266,31.22197662348877,42.542629421622514,0.7050461555426077
31.415542,41.92139737991266,31.39352594559585,42.66338697798599,0.7028030616661783
31.582053,41.92139737991266,31.565075267702934,42.78376112595618,0.700576174201165
31.748705,41.92139737991266,31.736624589810013,42.903754629381886,0.698365303093693
31.915329,42.62008733624454,31.908173911917096,43.023370219795815,0.6961702616293443
32.081906,42.62008733624454,32.07972323402418,43.14261059698079,0.6939908663543815
32.248491,42.62008733624454,32.251272556131255,43.26147842952244,0.6918269369992707
32.415101,42.62008733624454,32.42282187823834,43.3799763553491,0.6896782964044201
32.581675,42.62008733624454,32.59437120034542,43.49810698225907,0.6875447704480624
32.748359,42.62008733624454,32.765920522452504,43.615872888435725,0.6854261879762038
32.914904,42.62008733624454,32.93746984455958,43.73327662295076,0.6833223807345741
33.081923,43.318777292576414,33.10901916666666,43.85032070625598,0.6812331833025062
33.248075,43.318777292576414,33.280568488773746,43.9670076306638,0.6791584330286838
33.414808,43.318777292576414,33.45211781088082,44.08333986081697,0.6770979699686936
33.581485,43.318777292576414,33.623667132987904,44.19931983414776,0.6750516368243203
33.747986,43.318777292576414,33.79521645509499,44.31494996132675,0.6730192788845313
33.914926,43.318777292576414,33.96676577720207,44.43023262670175,0.671000743968091
34.081182,43.318777292576414,34.138315099309146,44.54517018872699,0.6689958823677545
34.247781,44.0174672489083,34.30986442141623,44.65976498038282,0.6670045467959878
34.414793,44.0174672489083,34.48141374352331,44.774019309586286,0.6650265923321663
34.581058,44.0174672489083,34.652963065630395,44.88793545959276,0.6630618763712026
34.747585,44.0174672489083,34.82451238773747,45.001515689388796,0.6611102585735602
34.914255,44.0174672489083,34.996061709844554,45.11476223407669,0.6591716008166045
35.080827,44.0174672489083,35.16761103195164,45.227677305250594,0.657245767147255
35.512293,44.71615720524017,35.33916035405872,45.34026309136483,0.655332623735892
35.678905,44.71615720524017,35.510709676165796,45.45252175809425,0.6534320388314812
35.845428,44.71615720524017,35.68225899827288,45.564455448687085,0.6515438827178779
36.01216,44.71615720524017,35.85380832037996,45.67606628431031,0.6496680276712735
36.178671,44.71615720524017,36.025357642487045,45.787356364387904,0.6478043479187497
36.345313,44.71615720524017,36.19690696459412,45.89832776693202,0.6459527195979056
36.511888,45.41484716157205,36.3684562867012,46.00898254886737,0.6441130207175243
36.678474,45.41484716157205,36.540005608808286,46.119322746348914,0.64228513111925
36.845068,45.41484716157205,36.71155493091537,46.22935037507305,0.6404689324402408
37.011842,45.41484716157205,36.883104253022445,46.339067430582496,0.638664308076772
37.178374,45.41484716157205,37.05465357512953,46.44847588856506,0.6368711431487578
37.345048,45.41484716157205,37.22620289723661,46.557577705146315,0.6350893244651652
37.511827,45.41484716157205,37.397752219343694,46.66637481717642,0.6333187404902954
37.678199,46.11353711790393,37.56930154145077,46.7748691425113,0.6315592813109029
37.844744,46.11353711790393,37.74085086355785,46.883062580288225,0.629810838604132
38.011424,46.11353711790393,37.912400185664936,46.9909570111959,0.6280733056062434
38.177961,46.11353711790393,38.08394950777202,47.09855429773936,0.6263465770821087
38.344593,46.11353711790393,38.255498829879095,47.205856284499575,0.6246305492954521
38.511161,46.11353711790393,38.42704815198618,47.31286479838813,0.6229251199798146
38.677903,46.81222707423581,38.59859747409326,47.41958164889692,0.6212301883102225
38.844349,46.81222707423581,38.77014679620034,47.52600862834302,0.6195456548755394
39.01106,46.81222707423581,38.94169611830742,47.63214751210894,0.61787142165148
39.177636,46.81222707423581,39.1132454404145,47.7380000588783,0.6162073919742701
39.344249,46.81222707423581,39.284794762521585,47.843568010866875,0.6145534705149331
39.510906,46.81222707423581,39.45634408462867,47.94885309404962,0.6129095632541832
39.677531,46.81222707423581,39.627893406735744,48.05385701838305,0.6112755774579127
39.844052,47.51091703056768,39.79944272884283,48.15858147802376,0.6096514216532527
40.010718,47.51091703056768,39.97099205094991,48.26302815154275,0.6080370056051934
40.1773,47.51091703056768,40.14254137305699,48.36719870213578,0.6064322402937475
40.346062,47.51091703056768,40.31409069516407,48.471094777829926,0.6048370378916434
40.51185,47.51091703056768,40.48564001727115,48.574718011686315,0.60325131174253
40.678783,47.51091703056768,40.657189339378235,48.678070021999105,0.6016749763396838
40.845332,47.51091703056768,40.82873866148532,48.781152412491,0.6001079473052007
41.011996,48.20960698689956,41.00028798359239,48.88396677250505,0.5985501413696622
41.178659,48.20960698689956,41.171837305699476,48.986514677193185,0.5970014763522601
41.345318,48.20960698689956,41.34338662780656,49.08879768770125,0.5954618711413708
41.511896,48.20960698689956,41.51493594991364,49.19081735135078,0.5939312456755652
41.678437,48.20960698689956,41.68648527202072,49.29257520181759,0.5924095209250412
41.845006,48.20960698689956,41.8580345941278,49.394072759307164,0.5908966188734717
42.011658,48.90829694323144,42.029583916234884,49.49531153072701,0.5893924625002529
42.178171,48.90829694323144,42.20113323834197,49.596293009855955,0.5878969757631448
42.344888,48.90829694323144,42.37268256044904,49.69701867751053,0.5864100835812924
42.511432,48.90829694323144,42.544231882556126,49.797490001708475,0.5849317118186188
42.678341,48.90829694323144,42.71578120466321,49.89770843782943,0.5834617872675787
42.844642,48.90829694323144,42.88733052677029,49.99767542877281,0.5820002376332656
43.011708,48.90829694323144,43.05887984887737,50.097392405113055,0.5805469915178612
43.177943,48.90829694323144,43.23042917098445,50.19686078525224,0.5791019784054182
43.34458,49.60698689956332,43.40197849309153,50.29608197557002,0.5776651286469716
43.511541,49.60698689956332,43.57352781519862,50.395057370571166,0.5762363734459632
43.677911,49.60698689956332,43.74507713730569,50.49378835303051,0.5748156448439803
43.844231,49.60698689956332,43.916626459412775,50.59227629413561,0.5734028757067908
44.011308,49.60698689956332,44.08817578151986,50.690522553626835,0.571997999710677
44.177519,49.60698689956332,44.259725103626934,50.78852847993537,0.570600951329052
44.344425,49.60698689956332,44.43127442573402,50.88629541031881,0.5692116658193583
44.510727,50.30567685589519,44.6028237478411,50.983824670994494,0.5678300792102369
44.677718,51.00436681222707,44.77437306994818,51.0811175772708,0.566456128288963
44.844345,51.00436681222707,44.94592239205526,51.178175433676174,0.5650897505891406
45.010332,51.00436681222707,45.11747171416234,51.27499953408618,0.5637308843786492
45.442024,51.00436681222707,45.289021036269425,51.37159116184837,0.5623794686478384
45.608711,51.00436681222707,45.46057035837651,51.46795158990531,0.5610354430979613
45.775316,51.70305676855895,45.632119680483584,51.564082080915504,0.5596987481298434
45.941944,51.70305676855895,45.80366900259067,51.65998388737247,0.558369324832781
46.108568,51.70305676855895,45.97521832469775,51.75565825172193,0.5570471149736611
46.275138,51.70305676855895,46.14676764680483,51.851106406477086,0.5557320609863017
46.441724,51.70305676855895,46.31831696891191,51.946329574332154,0.5544241059610032
46.608398,51.70305676855895,46.48986629101899,52.04132896827413,0.5531231936343085
46.774996,51.70305676855895,46.661415613126074,52.13610579169275,0.5518292683789645
46.941569,52.40174672489083,46.83296493523316,52.23066123848879,0.5505422751940839
47.108548,52.40174672489083,47.00451425734023,52.324996493180734,0.5492621596954981
47.274799,52.40174672489083,47.176063579447316,52.41911273100967,0.5479888681062997
47.44137,52.40174672489083,47.3476129015544,52.51301111804275,0.5467223472475696
47.608071,52.40174672489083,47.51916222366148,52.60669281127494,0.5454625445292846
47.774669,52.40174672489083,47.69071154576856,52.700158958729304,0.5442094079413985
47.941239,52.40174672489083,47.86226086787564,52.79341069955577,0.5429628860450979
48.107841,53.1004366812227,48.033810189982724,52.886449164128294,0.5417229279642243
48.274455,53.1004366812227,48.20535951208981,52.97927547414078,0.5404894833768603
48.441113,53.1004366812227,48.37690883419688,53.07189074270135,0.539262502507076
48.607763,53.1004366812227,48.548458156303965,53.16429607442536,0.538041936116832
48.774332,53.1004366812227,48.72000747841105,53.25649256552699,0.5368277354980356
48.940836,53.1004366812227,48.89155680051813,53.34848130390948,0.5356198524647462
49.107659,53.1004366812227,49.06310612262521,53.44026336925404,0.534418239345527
49.274092,53.1004366812227,49.23465544473229,53.531839833107455,0.5332228489759393
49.44065,53.1004366812227,49.40620476683937,53.62321175896847,0.5320336346911768
49.607296,53.79912663755458,49.577754088946456,53.71438020237285,0.5308505503188363
49.773875,53.79912663755458,49.74930341105353,53.80534621097721,0.5296735501718217
49.940505,53.79912663755458,49.920852733160615,53.89611082464174,0.5285025890413787
50.107185,53.79912663755458,50.0924020552677,53.98667507551161,0.5273376221902573
50.275341,53.79912663755458,50.26395137737478,54.07703998809734,0.5261786053459985
50.442111,53.79912663755458,50.43550069948186,54.16720657935391,0.5250254946943442
50.608651,53.79912663755458,50.60705002158894,54.25717585875883,0.5238782468727652
50.775219,54.49781659388646,50.77859934369602,54.346948828389124,0.5227368189641068
50.941872,54.49781659388646,50.950148665803106,54.436526482997095,0.521601168490349
51.108315,54.49781659388646,51.12169798791018,54.52590981008528,0.5204712534064774
51.275035,54.49781659388646,51.293247310017264,54.61509978998007,0.5193470320944645
51.441628,54.49781659388646,51.46479663212435,54.70409739590455,0.518228463357358
51.607909,54.49781659388646,51.63634595423143,54.792903594050166,0.5171155064134728
51.775147,54.49781659388646,51.807895276338506,54.881519343647525,0.516008120890687
51.941467,54.49781659388646,51.97944459844559,54.96994559703616,0.5149062668208371
52.108067,55.19650655021834,52.15099392055267,55.05818329973334,0.5138099046342117
52.274326,55.19650655021834,52.322543242659755,55.14623339050193,0.5127189951541423
52.441249,55.19650655021834,52.49409256476683,55.23409680141747,0.5116334995916865
52.607895,55.19650655021834,52.665641886873914,55.3217744579341,0.510553379540404
52.77461,55.19650655021834,52.837191208981,55.40926727894984,0.5094785969712244
52.940769,55.19650655021834,53.00874053108808,55.496576176870846,0.5084091142274009
53.1082,55.19650655021834,53.180289853195156,55.583702057674856,0.5073448940195514
53.27428,55.19650655021834,53.35183917530224,55.67064582097382,0.5062858994207854
53.440697,55.895196506550214,53.52338849740932,55.75740836007563,0.5052320938619124
53.607983,55.895196506550214,53.694937819516404,55.84399056204512,0.504183441126732
53.774215,55.895196506550214,53.86648714162348,55.93039330776422,0.5031399053474042
53.940788,55.895196506550214,54.03803646373056,56.016617471991275,0.5021014509998966
54.107642,55.895196506550214,54.209585785837646,56.1026639234197,0.501068042899509
54.273717,55.895196506550214,54.38113510794473,56.18853352473579,0.5000396461964726
54.440541,55.895196506550214,54.552684430051805,56.274227132675776,0.4990162263716216
54.607375,55.895196506550214,54.72423375215889,56.35974559808225,0.49799774923213797
54.773915,56.5938864628821,54.89578307426597,56.4450897659597,0.49698418090736596
54.940453,56.5938864628821,55.06733239637305,56.53026047552949,0.4959754878446955
55.107225,56.5938864628821,55.23888171848013,56.61525856028403,0.49497163680551326
55.538535,56.5938864628821,55.41043104058721,56.70008484804033,0.49397259486122086
55.706405,56.5938864628821,55.581980362694296,56.784740160992826,0.49297832938931635
55.871689,56.5938864628821,55.75352968480137,56.86922531576556,0.49198880806954093
56.038289,56.5938864628821,55.925079006908454,56.95354112346372,0.4910039988800872
56.20493,57.29257641921397,56.09662832901554,57.0376883897245,0.49002387009386905
56.371547,57.29257641921397,56.26817765112262,57.12166791476735,0.4890483902748515
56.538124,57.29257641921397,56.439726973229696,57.205480493443595,0.4880775282744388
56.704848,57.29257641921397,56.61127629533678,57.28912691528545,0.48711125322792115
56.871252,57.29257641921397,56.78282561744386,57.372607964554405,0.4861495345509774
57.037933,57.29257641921397,56.954374939550945,57.455924420289016,0.48519234193623334
57.20458,57.29257641921397,57.12592426165802,57.53907705635217,0.48423964534987446
57.371179,57.29257641921397,57.297473583765104,57.62206664147769,0.4832914150283116
57.537777,57.99126637554585,57.46902290587219,57.70489393931642,0.4823476214749002
57.704426,57.99126637554585,57.64057222797927,57.78755970848172,0.48140823545670947
57.870924,57.99126637554585,57.812121550086346,57.87006470259448,0.4804732280013428
58.037584,57.99126637554585,57.98367087219343,57.95240967032751,0.47954257039380715
58.204227,57.99126637554585,58.15522019430051,58.03459535544944,0.47861623417343124
58.370814,57.99126637554585,58.326769516407595,58.116622496868075,0.4776941911308312
58.537384,57.99126637554585,58.49831883851467,58.19849182867328,0.4767764133049228
58.704308,57.99126637554585,58.66986816062175,58.2802040801793,0.47586287297997965
58.870559,57.99126637554585,58.841417482728836,58.361759975966585,0.4749535426827362
59.037276,58.68995633187773,59.01296680483592,58.44316023592317,0.4740483951795349
59.203877,58.68995633187773,59.184516126942995,58.524405575285535,0.473147403473517
59.370465,58.68995633187773,59.35606544905008,58.605496704678956,0.472250540801855
59.537081,58.68995633187773,59.52761477115716,58.68643433015748,0.47135778063302797
59.703764,58.68995633187773,59.699164093264244,58.76721915324329,0.4704690966641366
59.870214,58.68995633187773,59.87071341537132,58.8478518709658,0.46958446281825966
60.036885,58.68995633187773,60.0422627374784,58.92833317590009,0.46870385324184877
60.203523,58.68995633187773,60.213812059585486,59.00866375620509,0.4678272423021629
60.371832,59.38864628820961,60.38536138169257,59.088844295661204,0.4669546045847403
60.5386,59.38864628820961,60.556910703799645,59.168875473707516,0.46608591489090834
60.705206,59.38864628820961,60.72846002590673,59.248757965478696,0.4652211482353289
60.87188,59.38864628820961,60.90000934801381,59.32849244184126,0.4643602798435814
61.038199,59.38864628820961,61.07155867012089,59.40807956942963,0.4635032851497801
61.204917,59.38864628820961,61.24310799222797,59.48752001068169,0.46265013979422626
61.37153,59.38864628820961,61.41465731433505,59.56681442387396,0.46180081962109487
61.538128,59.38864628820961,61.586206636442135,59.645963463156335,0.46095530067615437
61.704749,59.38864628820961,61.75775595854922,59.72496777858657,0.4601135592045199
61.87155,59.38864628820961,61.929305280656294,59.80382801616415,0.4592755716484386
62.037829,60.08733624454148,62.10085460276338,59.88254481786405,0.4584413146451062
62.204485,60.08733624454148,62.27240392487046,59.96111882166995,0.45761076502451575
62.371417,60.08733624454148,62.44395324697754,60.03955066160705,0.45678389980733664
62.537457,60.08733624454148,62.61550256908462,60.11784096777473,0.4559606962028233
62.705221,60.08733624454148,62.7870518911917,60.195990366378645,0.4551411316067544
62.870883,60.08733624454148,62.958601213298785,60.273999479762544,0.45432518359940033
63.037615,60.08733624454148,63.13015053540587,60.35186892643979,0.45351282994352
63.20453,60.08733624454148,63.30169985751294,60.42959932112446,0.452704048582385
63.37079,60.78602620087336,63.473249179620026,60.507191274762185,0.45189881763783213
63.537478,60.78602620087336,63.64479850172711,60.58464539456055,0.4510971154083426
63.705552,60.78602620087336,63.81634782383419,60.6619622840193,0.4502989203671482
63.870425,60.78602620087336,63.98789714594127,60.73914254296014,0.4495042111603634
64.037203,60.78602620087336,64.15944646804836,60.816186767556204,0.4487129666051433
64.203939,60.78602620087336,64.33099579015543,60.893095550361274,0.4479251656878679
64.370453,60.78602620087336,64.50254511226251,60.96986948033866,0.44714078756234904
64.536627,60.78602620087336,64.6740944343696,61.04650914288975,0.44635981154806453
64.736981,60.78602620087336,64.84564375647668,61.123015119882275,0.4455822171284146
64.903406,61.484716157205234,65.01719307858376,61.19938798967831,0.4448079839490025
65.07013,61.484716157205234,65.18874240069084,61.27562832716192,0.44403709181593864
65.501952,61.484716157205234,65.36029172279792,61.351736703766605,0.4432695206941674
65.66826,61.484716157205234,65.53184104490501,61.42771368750232,0.4425052507058167
65.83482,61.484716157205234,65.70339036701208,61.503559842982405,0.44174426212856893
66.001497,61.484716157205234,65.87493968911916,61.579275731450025,0.4409865353940553
66.168085,61.484716157205234,66.04648901122624,61.65486191080455,0.4402320510862699
66.334679,62.18340611353712,66.21803833333333,61.730318935627466,0.4394807899400057
66.501221,62.18340611353712,66.38958765544041,61.80564735720813,0.43873273283931175
66.667788,62.18340611353712,66.56113697754749,61.88084772356934,0.43798786081596924
66.834439,62.18340611353712,66.73268629965457,61.9559205794924,0.43724615504798947
67.001137,62.18340611353712,66.90423562176164,62.03086646654218,0.4365075968581303
67.167743,62.18340611353712,67.07578494386873,62.105685923091805,0.43577216771243227
67.334381,62.18340611353712,67.24733426597581,62.18037948434707,0.4350398492187744
67.501131,62.18340611353712,67.41888358808289,62.2549476823707,0.43431062312544844
67.667467,62.18340611353712,67.59043291018997,62.32939104610628,0.43358447131975075
67.834053,62.18340611353712,67.76198223229706,62.403710101402005,0.43286137582659434
68.000712,62.88209606986899,67.93353155440414,62.477905371034176,0.4321413188071368
68.167334,62.88209606986899,68.10508087651122,62.55197737473041,0.43142428255742743
68.333983,62.88209606986899,68.27663019861829,62.625926629192705,0.43071024950707065
68.500561,62.88209606986899,68.44817952072538,62.69975364812027,0.429999202217907
68.667068,62.88209606986899,68.61972884283246,62.77345894223201,0.4292911233827109
68.833733,62.88209606986899,68.79127816493954,62.84704301928897,0.42858599582390516
69.00042,62.88209606986899,68.96282748704662,62.920506384116365,0.42788380249229124
69.167043,62.88209606986899,69.13437680915371,62.99384953862561,0.4271845264657958
69.333596,62.88209606986899,69.30592613126079,63.06707298183592,0.4264881509482334
69.500263,63.58078602620087,69.47747545336787,63.140177209895896,0.42579465926808424
69.666744,63.58078602620087,69.64902477547494,63.21316271610472,0.42510403487728743
69.833405,63.58078602620087,69.82057409758202,63.286029990933265,0.4244162613500493
70.000169,63.58078602620087,69.99212341968911,63.35877952204502,0.42373132238166633
70.166752,63.58078602620087,70.16367274179619,63.43141179431666,0.4230492017873633
70.33532,63.58078602620087,70.33522206390327,63.5039272898586,0.4223698835011453
70.501506,63.58078602620087,70.50677138601036,63.57632648803528,0.42169335157466353
70.668043,63.58078602620087,70.67832070811744,63.64860986548518,0.421019590176096
70.834636,63.58078602620087,70.84987003022452,63.72077789614077,0.4203485835890416
71.001333,63.58078602620087,71.02141935233159,63.792831051248214,0.41968031621142704
71.167973,64.27947598253274,71.19296867443867,63.86476979938686,0.4190147725544282
71.334552,64.27947598253274,71.36451799654576,63.936594606488654,0.4183519372414036
71.5013,64.27947598253274,71.53606731865284,64.00830593585715,0.4176917950068418
71.66783,64.27947598253274,71.70761664075992,64.07990424818664,0.4170343306953203
71.834322,64.27947598253274,71.879165962867,64.15139000158082,0.41637952926047833
72.00098,64.27947598253274,72.05071528497409,64.22276365157157,0.415727375764001
72.167637,64.27947598253274,72.22226460708117,64.29402565113722,0.4150778553746156
72.334292,64.27947598253274,72.39381392918824,64.36517645072094,0.41443095336710106
72.500883,64.27947598253274,72.56536325129532,64.43621649824884,0.41378665512130774
72.667401,64.97816593886462,72.7369125734024,64.50714623914789,0.4131449461211898
72.834084,64.97816593886462,72.90846189550949,64.5779661163637,0.41250581195384844
73.00101,64.97816593886462,73.08001121761657,64.64867657037811,0.41186923830858735
73.167275,64.97816593886462,73.25156053972366,64.71927803922677,0.41123521097597804
73.333901,64.97816593886462,73.42310986183074,64.78977095851619,0.4106037158469372
73.500331,64.97816593886462,73.59465918393782,64.86015576144112,0.40997473891181446
73.73394,64.97816593886462,73.76620850604489,64.93043287880138,0.40934826625949067
73.90025,64.97816593886462,73.93775782815197,65.00060273901876,0.4087242840764867
74.066975,64.97816593886462,74.10930715025906,65.07066576815365,0.40810277864608324
74.233565,64.97816593886462,74.28085647236614,65.1406223899216,0.40748373634744967
74.400272,64.97816593886462,74.45240579447322,65.21047302570969,0.40686714365478394
74.56685,65.6768558951965,74.6239551165803,65.2802180945927,0.4062529871364621
74.733484,65.6768558951965,74.79550443868739,65.34985801334928,0.4056412534541972
74.89994,65.6768558951965,74.96705376079447,65.41939319647784,0.4050319293622084
75.066624,65.6768558951965,75.13860308290154,65.48882405621238,0.4044250017063991
75.498215,65.6768558951965,75.31015240500862,65.55815100253812,0.4038204574235448
75.664543,65.6768558951965,75.4817017271157,65.627374443207,0.40321828354048994
75.831167,65.6768558951965,75.65325104922279,65.69649478375314,0.40261846717335414
75.997864,65.6768558951965,75.82480037132987,65.765512427508,0.4020209955267468
76.164507,66.37554585152839,75.99634969343695,65.83442777561557,0.4014258558929913
76.331064,66.37554585152839,76.16789901554404,65.90324122704729,0.4008330356513573
76.497615,66.37554585152839,76.33944833765112,65.97195317861693,0.40024252226730217
76.664259,66.37554585152839,76.51099765975819,66.04056402499529,0.39965430329172047
76.830856,66.37554585152839,76.68254698186527,66.10907415872488,0.39906836636020154
76.997564,66.37554585152839,76.85409630397236,66.17748397023422,0.3984846991922967
77.164244,66.37554585152839,77.02564562607944,66.24579384785235,0.39790328959079285
77.330664,66.37554585152839,77.19719494818652,66.31400417782294,0.39732412544099505
77.497562,66.37554585152839,77.3687442702936,66.38211534431841,0.39674719471001696
77.663876,67.07423580786026,77.54029359240069,66.45012772945395,0.39617248544607897
77.830563,67.07423580786026,77.71184291450776,66.5180417133013,0.39559998577781375
77.997154,67.07423580786026,77.88339223661484,66.58585767390257,0.3950296839135798
78.163859,67.07423580786026,78.05494155872192,66.65357598728374,0.3944615681407826
78.330398,67.07423580786026,78.226490880829,66.72119702746834,0.3938956268252023
78.497052,67.07423580786026,78.39804020293609,66.7887211664906,0.39333184841033
78.663618,67.07423580786026,78.56958952504317,66.85614877440896,0.3927702214167098
78.830124,67.07423580786026,78.74113884715025,66.92348021931912,0.39221073444128907
78.996762,67.07423580786026,78.91268816925734,66.99071586736703,0.3916533761567754
79.16341,67.07423580786026,79.0842374913644,67.057856082762,0.3910981353109999
79.330022,67.07423580786026,79.25578681347149,67.12490122778934,0.3905450007262881
79.496588,67.77292576419214,79.42733613557857,67.19185166282327,0.38999396129883696
79.6631,67.77292576419214,79.59888545768565,67.2587077463394,0.3894450059980992
79.829775,67.77292576419214,79.77043477979274,67.32546983492729,0.3888981238661735
79.996427,67.77292576419214,79.94198410189982,67.39213828330293,0.38835330401720125
80.164836,67.77292576419214,80.1135334240069,67.45871344432089,0.3878105356367701
80.330962,67.77292576419214,80.28508274611399,67.52519566898673,0.38726980798132327
80.497814,67.77292576419214,80.45663206822105,67.59158530646889,0.3867311103775759
80.66486,67.77292576419214,80.62818139032814,67.65788270411089,0.3861944322219362
80.83078,67.77292576419214,80.79973071243522,67.72408820744309,0.385659762979934
80.997704,67.77292576419214,80.9712800345423,67.79020216019458,0.38512709218565433
81.164811,68.47161572052401,81.14282935664939,67.85622490430487,0.38459640944117734
81.330971,68.47161572052401,81.31437867875647,67.92215677993549,0.384067704416024
81.497649,68.47161572052401,81.48592800086355,67.98799812548157,0.3835409668466075
81.664238,68.47161572052401,81.65747732297064,68.05374927758315,0.38301618653569003
81.830842,68.47161572052401,81.8290266450777,68.11941057113668,0.38249335335184564
81.997792,68.47161572052401,82.00057596718479,68.18498233930615,0.38197245722892825
82.164103,68.47161572052401,82.17212528929187,68.25046491353422,0.3814534881655454
82.330625,68.47161572052401,82.34367461139895,68.3158586235534,0.38093643622453716
82.497513,68.47161572052401,82.51522393350604,68.38116379739692,0.3804212915324603
82.663805,68.47161572052401,82.68677325561312,68.4463807614097,0.3799080442790778
82.830458,68.47161572052401,82.8583225777202,68.51150984025905,0.3793966847168541
82.997185,68.47161572052401,83.02987189982728,68.5765513569455,0.3788872031604541
83.163744,69.17030567685589,83.20142122193435,68.64150563281328,0.37837958998624877
83.330568,69.17030567685589,83.37297054404144,68.70637298756105,0.3778738356318243
83.497005,69.17030567685589,83.54451986614852,68.77115373925221,0.3773699305954977
83.663258,69.17030567685589,83.7160691882556,68.83584820432533,0.3768678654358358
83.830455,69.17030567685589,83.88761851036269,68.90045669760441,0.37636763077118
83.996771,69.17030567685589,84.05916783246977,68.9649795323092,0.37586921727917544
84.163289,69.17030567685589,84.23071715457685,69.02941702006521,0.37537261569630476
84.329909,69.17030567685589,84.40226647668393,69.09376947091384,0.37487781681742655
84.496526,69.17030567685589,84.573815798791,69.15803719332227,0.37438481149531894
84.663022,69.17030567685589,84.74536512089809,69.22222049419352,0.37389359064022637
84.829819,69.17030567685589,84.91691444300517,69.28631967887605,0.37340414521941234
84.99639,69.86899563318777,85.08846376511225,69.3503350511737,0.37291646625671526
85.162948,69.86899563318777,85.26001308721933,69.41426691335525,0.37243054483210997
85.594528,69.86899563318777,85.43156240932642,69.47811556616404,0.3719463720812718
85.761105,69.86899563318777,85.6031117314335,69.54188130882747,0.371463939195147
85.927669,69.86899563318777,85.77466105354058,69.60556443906651,0.3709832374195255
86.094275,69.86899563318777,85.94621037564765,69.66916525310499,0.3705042580546189
86.260847,69.86899563318777,86.11775969775474,69.73268404567892,0.370026992454642
86.427452,69.86899563318777,86.28930901986182,69.79612111004579,0.3695514320273989
86.594146,69.86899563318777,86.4608583419689,69.85947673799363,0.36907756823387233
86.760744,69.86899563318777,86.63240766407598,69.92275121985011,0.3686053925878181
86.927298,70.56768558951964,86.80395698618307,69.98594484449168,0.3681348966553619
87.094226,70.56768558951964,86.97550630829015,70.04905789935233,0.3676660720546014
87.260624,70.56768558951964,87.14705563039723,70.11209067043265,0.367198910455211
87.427106,70.56768558951964,87.3186049525043,70.17504344230849,0.3667334035780517
87.593738,70.56768558951964,87.49015427461138,70.23791649813985,0.3662695431947828
87.760373,70.56768558951964,87.66170359671847,70.30071011967948,0.36580732112747916
87.926888,70.56768558951964,87.83325291882555,70.36342458728143,0.36534672924825096
88.093684,70.56768558951964,88.00480224093263,70.42606017990981,0.3648877594788675
88.260152,70.56768558951964,88.17635156303972,70.48861717514706,0.36443040379038394
88.426722,70.56768558951964,88.3479008851468,70.55109584920245,0.36397465420277264
88.593374,70.56768558951964,88.51945020725387,70.61349647692053,0.36352050278455694
88.760002,71.26637554585153,88.69099952936095,70.67581933178928,0.36306794165244866
88.926502,71.26637554585153,88.86254885146803,70.73806468594847,0.36261696297098933
89.093415,71.26637554585153,89.03409817357512,70.80023281019771,0.36216755895219455
89.25978,71.26637554585153,89.2056474956822,70.86232397400468,0.3617197218552011
89.426358,71.26637554585153,89.37719681778928,70.92433844551316,0.36127344398591854
89.593006,71.26637554585153,89.54874613989637,70.98627649155092,0.36082871769668257
89.759638,71.26637554585153,89.72029546200345,71.04813837763783,0.36038553538591295
89.926161,71.26637554585153,89.89184478411052,71.10992436799356,0.3599438894977736
90.09278,71.26637554585153,90.0633941062176,71.17163472554554,0.3595037725218362
90.26102,71.26637554585153,90.23494342832468,71.23326971193666,0.3590651769927469
90.427738,71.26637554585153,90.40649275043177,71.29482958753292,0.35862809548989627
90.594429,71.9650655021834,90.57804207253885,71.35631461143119,0.3581925206370915
90.761024,71.9650655021834,90.74959139464593,71.41772504146672,0.3577584451022326
90.927553,71.9650655021834,90.92114071675302,71.47906113422073,0.35732586159699053
91.094162,71.9650655021834,91.0926900388601,71.54032314502784,0.3568947628764893
91.260814,71.9650655021834,91.26423936096717,71.6015113279835,0.3564651417389901
91.427382,71.9650655021834,91.43578868307425,71.66262593595143,0.35603699102557856
91.594088,71.9650655021834,91.60733800518133,71.72366722057087,0.35561030361985485
91.76061,71.9650655021834,91.77888732728842,71.78463543226387,0.35518507244762676
91.927139,71.9650655021834,91.9504366493955,71.84553082024252,0.35476129047660526
92.093769,71.9650655021834,92.12198597150258,71.90635363251606,0.3543389507161027
92.260591,71.9650655021834,92.29353529360966,71.96710411589808,0.3539180462167339
92.426948,71.9650655021834,92.46508461571675,72.02778251601352,0.35349857007012
92.594009,71.9650655021834,92.63663393782382,72.08838907730565,0.35308051540859486
92.760508,72.66375545851528,92.8081832599309,72.1489240430431,0.3526638754049136
92.926413,72.66375545851528,92.97973258203798,72.20938765532674,0.35224864327196476
93.093529,72.66375545851528,93.15128190414507,72.2697801550965,0.3518348122624837
93.293285,72.66375545851528,93.32283122625215,72.33010178213829,0.35142237566876994
93.459627,72.66375545851528,93.49438054835923,72.39035277509062,0.35101132682240527
93.626532,72.66375545851528,93.66592987046631,72.45053337145141,0.35060165909397645
93.793295,72.66375545851528,93.8374791925734,72.51064380758466,0.35019336589279826
93.959865,72.66375545851528,94.00902851468047,72.570684318727,0.34978644066664033
94.126685,72.66375545851528,94.18057783678755,72.63065513899437,0.34938087690145586
94.293247,73.36244541484716,94.35212715889463,72.69055650138843,0.3489766681211129
94.459535,73.36244541484716,94.52367648100171,72.7503886378031,0.3485738078871275
94.626538,73.36244541484716,94.6952258031088,72.81015177903103,0.3481722897983999
94.792629,73.36244541484716,94.86677512521588,72.86984615476993,0.34777210749095216
94.959349,73.36244541484716,95.03832444732296,72.92947199362894,0.34737325463766905
95.126407,73.36244541484716,95.20987376943005,72.98902952313492,0.3469757249480401
95.557514,73.36244541484716,95.38142309153712,73.04851896973874,0.3465795121679048
95.724159,73.36244541484716,95.5529724136442,73.10794055882147,0.3461846100791991
95.891024,73.36244541484716,95.72452173575128,73.16729451470054,0.34579101249970506
96.057289,73.36244541484716,95.89607105785836,73.22658106063591,0.345398713282802
96.223911,74.06113537117903,96.06762037996545,73.28580041883608,0.34500770631721955
96.390667,74.06113537117903,96.23916970207253,73.3449528104642,0.3446179855267936
96.557142,74.06113537117903,96.41071902417961,73.4040384556441,0.3442295448702237
96.723766,74.06113537117903,96.5822683462867,73.46305757346613,0.3438423783408326
96.89037,74.06113537117903,96.75381766839376,73.52201038199317,0.3434564799663281
97.057134,74.06113537117903,96.92536699050085,73.58089709826655,0.3430718438085664
97.223613,74.06113537117903,97.09691631260793,73.63971793831175,0.34268846396331837
97.390304,74.06113537117903,97.26846563471501,73.69847311714429,0.3423063345600367
97.556877,74.06113537117903,97.4400149568221,73.75716284877551,0.34192544976162526
97.723454,74.06113537117903,97.61156427892918,73.81578734621826,0.34154580376421145
97.890146,74.06113537117903,97.78311360103626,73.8743468214925,0.3411673907969188
98.056672,74.06113537117903,97.95466292314335,73.93284148563106,0.34079020512164293
98.223267,74.06113537117903,98.12621224525041,73.99127154868523,0.34041424103282797
98.389927,74.75982532751091,98.2977615673575,74.04963721973024,0.34003949285724644
98.556484,74.75982532751091,98.46931088946458,74.1079387068709,0.33966595495377955
98.723138,74.75982532751091,98.64086021157166,74.1661762172469,0.33929362171320016
98.889598,74.75982532751091,98.81240953367875,74.22434995703857,0.338922487557957
99.056274,74.75982532751091,98.98395885578583,74.28246013147196,0.3385525469419612
99.222866,74.75982532751091,99.15550817789291,74.34050694482448,0.3381837943503741
99.389559,74.75982532751091,99.32705749999998,74.39849060043005,0.3378162242993972
99.556175,74.75982532751091,99.49860682210706,74.45641130068462,0.33744983133606327
99.722724,74.75982532751091,99.67015614421415,74.51426924705117,0.3370846100380301
99.88935,74.75982532751091,99.84170546632123,74.57206464006521,0.3367205550133747
100.055922,74.75982532751091,100.01325478842831,74.62979767933977,0.3363576609003905
100.224242,75.45851528384279,100.1848041105354,74.68746856357077,0.33599592236738496
100.390851,75.45851528384279,100.35635343264248,74.74507749054195,0.3356353341124798
100.557881,75.45851528384279,100.52790275474956,74.80262465713007,0.33527589086341236
100.724312,75.45851528384279,100.69945207685663,74.86011025931,0.33491758737733857
100.89058,75.45851528384279,100.87100139896371,74.9175344921597,0.3345604184406378
101.057263,75.45851528384279,101.0425507210708,74.97489754986523,0.33420437886871857
101.223828,75.45851528384279,101.21410004317788,75.03219962572571,0.3338494635058271
101.390497,75.45851528384279,101.38564936528496,75.08944091215824,0.3334956672248562
101.557207,75.45851528384279,101.55719868739205,75.14662160070283,0.33314298492715594
101.723717,76.15720524017466,101.72874800949913,75.20374188202724,0.33279141154234654
101.890395,76.15720524017466,101.90029733160621,75.26080194593183,0.33244094202813185
102.056995,76.15720524017466,102.07184665371328,75.31780198135432,0.33209157137011475
102.223486,76.15720524017466,102.24339597582036,75.37474217637467,0.331743294581614
102.390289,76.15720524017466,102.41494529792745,75.43162271821964,0.33139610670348263
102.556836,76.15720524017466,102.58649462003453,75.48844379326769,0.3310500028039276
102.723436,76.15720524017466,102.75804394214161,75.54520558705352,0.33070497797833076
102.889534,76.15720524017466,102.9295932642487,75.60190828427277,0.3303610273490715
103.090296,76.15720524017466,103.10114258635578,75.65855206878663,0.3300181460653511
103.256582,76.15720524017466,103.27269190846286,75.71513712362645,0.3296763293030174
103.42318,76.15720524017466,103.44424123056993,75.77166363099825,0.32933557226439186
103.590134,76.15720524017466,103.61579055267701,75.82813177228726,0.3289958701780976
103.756289,76.15720524017466,103.7873398747841,75.88454172806247,0.3286572182988891
103.922852,76.15720524017466,103.95888919689118,75.940893678081,0.32831961190748216
104.089653,76.15720524017466,104.13043851899826,75.99718780129265,0.32798304631038677
104.255854,76.85589519650655,104.30198784110534,76.05342427584421,0.3276475168397402
104.422693,76.85589519650655,104.47353716321243,76.10960327908391,0.3273130188531417
104.589392,76.85589519650655,104.64508648531951,76.16572498756577,0.3269795477334881
104.755656,76.85589519650655,104.81663580742658,76.22178957705384,0.3266470988888116
104.922524,76.85589519650655,104.98818512953366,76.27779722252666,0.32631566775211807
105.089203,76.85589519650655,105.15973445164074,76.33374809818137,0.3259852497812264
105.520606,76.85589519650655,105.33128377374783,76.38964237743801,0.3256558404586101
105.687645,76.85589519650655,105.50283309585491,76.4454802329438,0.32532743529123903
105.853836,76.85589519650655,105.674382417962,76.50126183657724,0.3250000298104228
106.020464,76.85589519650655,105.84593174006908,76.55698735945231,0.3246736195716557
106.187096,76.85589519650655,106.01748106217616,76.61265697192259,0.32434820015446225
106.353682,76.85589519650655,106.18903038428323,76.6682708435854,0.3240237671622442
106.520231,76.85589519650655,106.36057970639031,76.72382914328587,0.32370031622212864
106.686939,76.85589519650655,106.5321290284974,76.77933203912096,0.3233778429848174
106.853426,76.85589519650655,106.70367835060448,76.83477969844353,0.32305634312443743
107.020129,77.55458515283843,106.87522767271156,76.89017228786636,0.3227358123383922
107.18677,77.55458515283843,107.04677699481864,76.94550997326613,0.32241624634721494
107.353337,77.55458515283843,107.21832631692573,77.00079291978724,0.32209764089442167
107.520146,77.55458515283843,107.38987563903281,77.05602129184601,0.32177999174636684
107.686841,77.55458515283843,107.56142496113988,77.11119525313431,0.3214632946920989
107.853411,77.55458515283843,107.73297428324696,77.16631496662362,0.3211475455432174
108.020215,77.55458515283843,107.90452360535404,77.2213805945688,0.32083274013373153
108.186601,77.55458515283843,108.07607292746113,77.27639229851198,0.3205188743199191
108.354196,77.55458515283843,108.24762224956821,77.33135023928628,0.3202059439801866
108.519731,77.55458515283843,108.41917157167529,77.38625457701974,0.31989394501493096
108.686642,77.55458515283843,108.59072089378238,77.4411054711389,0.31958287334640173
108.852966,77.55458515283843,108.76227021588946,77.49590308037268,0.3192727249185644
109.019665,77.55458515283843,108.93381953799653,77.55064756275604,0.3189634956969649
109.186244,78.2532751091703,109.10536886010361,77.60533907563368,0.3186551816685951
109.362881,78.2532751091703,109.2769181822107,77.65997777566366,0.3183477788417589
109.52657,78.2532751091703,109.44846750431778,77.71456381882112,0.3180412832459402
109.69352,78.2532751091703,109.62001682642486,77.76909736040189,0.3177356909316706
109.859296,78.2532751091703,109.79156614853194,77.82357855502599,0.3174309979703995
110.025217,78.2532751091703,109.96311547063902,77.87800755664138,0.31712720045436354
110.191836,78.2532751091703,110.1346647927461,77.93238451852733,0.31682429449645894
110.354547,78.2532751091703,110.30621411485318,77.98670959329813,0.3165222762301127
110.5211,78.2532751091703,110.47776343696026,78.04098293290645,0.3162211418091564
110.687497,78.2532751091703,110.64931275906734,78.09520468864692,0.3159208874077001
110.853836,78.2532751091703,110.82086208117443,78.14937501115956,0.3156215092200073
111.020987,78.2532751091703,110.99241140328151,78.20349405043325,0.31532300346037107
111.187232,78.2532751091703,111.16396072538859,78.25756195580911,0.3150253663629905
111.353888,78.2532751091703,111.33551004749567,78.31157887598401,0.31472859418184884
111.520618,78.2532751091703,111.50705936960274,78.36554495901382,0.31443268319059187
111.686736,78.2532751091703,111.67860869170983,78.41946035231683,0.31413762968240727
111.853665,78.95196506550218,111.85015801381691,78.47332520267716,0.31384342996990555
112.020093,78.95196506550218,112.02170733592399,78.52713965624794,0.3135500803850005
112.186778,78.95196506550218,112.19325665803107,78.58090385855473,0.3132575772787919
112.353945,78.95196506550218,112.36480598013816,78.6346179544988,0.3129659170214482
112.519764,78.95196506550218,112.53635530224524,78.68828208836022,0.31267509600209054
112.686605,78.95196506550218,112.70790462435232,78.74189640380143,0.31238511062867685
112.853249,78.95196506550218,112.87945394645939,78.79546104387009,0.31209595732788786
113.019859,78.95196506550218,113.05100326856648,78.84897615100253,0.31180763254501315
113.18632,78.95196506550218,113.22255259067356,78.90244186702688,0.31152013274383816
113.353426,78.95196506550218,113.39410191278064,78.95585833316619,0.3112334544065321
113.519155,78.95196506550218,113.56565123488772,79.00922569004157,0.31094759403353706
113.686309,78.95196506550218,113.73720055699481,79.06254407767538,0.3106625481434566
113.886945,78.95196506550218,113.90874987910189,79.11581363549429,0.3103783132729473
114.052675,78.95196506550218,114.08029920120897,79.16903450233238,0.3100948859766083
114.219476,79.65065502183405,114.25184852331604,79.22220681643417,0.3098122628268745
114.386132,79.65065502183405,114.42339784542312,79.27533071545778,0.30953044041390837
114.553588,79.65065502183405,114.59494716753021,79.3284063364778,0.30924941534549355
114.71914,79.65065502183405,114.76649648963729,79.38143381598847,0.30896918424692893
114.88538,79.65065502183405,114.93804581174437,79.43441328990653,0.30868974376092345
115.052312,79.65065502183405,115.10959513385146,79.48734489357432,0.30841109054749183
115.483812,79.65065502183405,115.28114445595854,79.54022876176265,0.30813322128385084
115.650311,79.65065502183405,115.45269377806562,79.59306502867379,0.30785613266431644
115.817004,79.65065502183405,115.62424310017269,79.64585382794434,0.30757982140020124
115.9835,79.65065502183405,115.79579242227977,79.69859529264829,0.3073042842197134
116.150116,79.65065502183405,115.96734174438686,79.75128955529968,0.30702951786785576
116.316721,79.65065502183405,116.13889106649394,79.80393674785566,0.30675551910632537
116.483311,79.65065502183405,116.31044038860102,79.8565370017192,0.30648228471341504
116.649885,80.34934497816593,116.4819897107081,79.90909044774214,0.3062098114839133
116.816546,80.34934497816593,116.65353903281519,79.96159721622773,0.30593809622900753
116.983161,80.34934497816593,116.82508835492227,80.01405743693367,0.3056671357761862
117.149752,80.34934497816593,116.99663767702934,80.06647123907479,0.3053969269691423
117.316347,80.34934497816593,117.16818699913642,80.11883875132581,0.3051274666676771
117.48297,80.34934497816593,117.3397363212435,80.17116010182416,0.3048587517476053
117.649533,80.34934497816593,117.51128564335059,80.22343541817268,0.3045907791006599
117.816524,80.34934497816593,117.68283496545767,80.27566482744234,0.3043235456343987
117.983172,80.34934497816593,117.85438428756476,80.32784845617498,0.3040570482721103
118.149468,80.34934497816593,118.02593360967184,80.37998643038591,0.3037912839527221
118.316305,80.34934497816593,118.19748293177892,80.43207887556672,0.3035262496307078
118.482852,80.34934497816593,118.36903225388599,80.48412591668783,0.303261942275996
118.649469,80.34934497816593,118.54058157599307,80.5361276782012,0.3029983588738796
118.816181,80.34934497816593,118.71213089810016,80.58808428404289,0.30273549642492503
118.982582,80.34934497816593,118.88368022020724,80.63999585763575,0.30247335194488356
119.149269,81.0480349344978,119.05522954231432,80.69186252189198,0.3022119224646017
119.315942,81.0480349344978,119.2267788644214,80.74368439921568,0.30195120502993295
119.482584,81.0480349344978,119.39832818652849,80.79546161150546,0.30169119670165023
119.649179,81.0480349344978,119.56987750863557,80.84719428015701,0.3014318945553585
119.815633,81.0480349344978,119.74142683074264,80.89888252606556,0.3011732956814083
119.982076,81.0480349344978,119.91297615284972,80.95052646962853,0.30091539718481003
120.148678,81.0480349344978,120.0845254749568,81.00212623074786,0.30065819618514783
120.317358,81.0480349344978,120.25607479706389,81.05368192883266,0.3004016898164957
120.483545,81.0480349344978,120.42762411917097,81.10519368280163,0.3001458752273324
120.65045,81.0480349344978,120.59917344127805,81.15666161108547,0.2998907495804586
120.817193,81.0480349344978,120.77072276338514,81.20808583162946,0.29963631005291286
120.983778,81.0480349344978,120.9422720854922,81.25946646189576,0.2993825538358901
121.150314,81.0480349344978,121.11382140759929,81.31080361886589,0.29912947813465857
121.317029,81.0480349344978,121.28537072970637,81.36209741904321,0.2988770801684791
121.483265,81.7467248908297,121.45692005181346,81.41334797845515,0.29862535717052396
121.650071,81.7467248908297,121.62846937392054,81.46455541265573,0.29837430638779683
121.816776,81.7467248908297,121.80001869602762,81.51571983672783,0.2981239250810523
121.983116,81.7467248908297,121.9715680181347,81.56684136528567,0.2978742105247171
122.149973,81.7467248908297,122.14311734024179,81.61792011247698,0.2976251600068115
122.31675,81.7467248908297,122.31466666234886,81.66895619198547,0.2973767708288704
122.482805,81.7467248908297,122.48621598445594,81.71994971703305,0.2971290403058664
122.649766,81.7467248908297,122.65776530656302,81.77090080038221,0.29688196576613196
122.816394,81.7467248908297,122.8293146286701,81.82180955433817,0.2966355445512832
122.982948,81.7467248908297,123.00086395077719,81.87267609075136,0.29638977401614347
123.149391,81.7467248908297,123.17241327288427,81.92350052101942,0.2961446515286677
123.316187,81.7467248908297,123.34396259499135,81.9742829560897,0.29590017446986744
123.482955,81.7467248908297,123.51551191709844,82.02502350646134,0.29565634023373577
123.649437,81.7467248908297,123.6870612392055,82.07572228218751,0.2954131462271737
123.815852,81.7467248908297,123.85861056131259,82.12637939287767,0.2951705898699159
123.982762,82.44541484716157,124.03015988341967,82.1769949476997,0.29492866859445804
124.149639,82.44541484716157,124.20170920552675,82.22756905538213,0.2946873798459836
124.315339,82.44541484716157,124.37325852763384,82.27810182421635,0.2944467210822919
124.482438,82.44541484716157,124.54480784974092,82.3285933620586,0.2942066897737263
124.648869,82.44541484716157,124.716357171848,82.37904377633232,0.293967283403103
124.815494,82.44541484716157,124.88790649395509,82.42945317403016,0.29372849946563984
124.9823,82.44541484716157,125.05945581606215,82.47982166171614,0.2934903354688863
125.148995,82.44541484716157,125.23100513816924,82.53014934552778,0.2932527889326535
125.58014,82.44541484716157,125.40255446027632,82.58043633117812,0.29301585738894464
125.746949,82.44541484716157,125.5741037823834,82.6306827239579,0.29277953838188625
125.913549,82.44541484716157,125.74565310449049,82.68088862873758,0.29254382946765944
126.080196,82.44541484716157,125.91720242659757,82.7310541499694,0.29230872821443166
126.246814,82.44541484716157,126.08875174870465,82.78117939168946,0.2920742322022894
126.41345,83.14410480349345,126.26030107081174,82.83126445751974,0.2918403390231709
126.580023,83.14410480349345,126.4318503929188,82.88130945067013,0.29160704628079887
126.746667,83.14410480349345,126.60339971502589,82.93131447394043,0.2913743515906149
126.913366,83.14410480349345,126.77494903713297,82.98127962972242,0.29114225257971305
127.079983,83.14410480349345,126.94649835924005,83.03120502000175,0.2909107468867743
127.246426,83.14410480349345,127.11804768134714,83.08109074635996,0.29067983216200194
127.412748,83.14410480349345,127.28959700345422,83.13093690997658,0.29044950606705633
127.579632,83.14410480349345,127.4611463255613,83.18074361163086,0.29021976627499113
127.746209,83.14410480349345,127.63269564766838,83.23051095170386,0.28999061047018926
127.912676,83.14410480349345,127.80424496977545,83.28023903018043,0.28976203634829933
128.079255,83.14410480349345,127.97579429188254,83.32992794665098,0.28953404161617313
128.246192,83.14410480349345,128.14734361398962,83.37957780031357,0.28930662399180246
128.412413,83.14410480349345,128.31889293609672,83.42918868997569,0.28907978120425715
128.57906,83.14410480349345,128.49044225820379,83.47876071405618,0.28885351099362355
128.745724,83.84279475982532,128.66199158031085,83.5282939705872,0.2886278111109426
128.91228,83.84279475982532,128.83354090241795,83.57778855721598,0.28840267931814906
129.078929,83.84279475982532,129.00509022452502,83.62724457120675,0.28817811338801097
129.245516,83.84279475982532,129.17663954663212,83.67666210944263,0.28795411110406927
129.412031,83.84279475982532,129.3481888687392,83.72604126842734,0.287730670260578
129.578719,83.84279475982532,129.51973819084628,83.77538214428724,0.28750778866244475
129.745272,83.84279475982532,129.69128751295335,83.8246848327729,0.28728546412517153
129.912044,83.84279475982532,129.86283683506042,83.87394942926115,0.2870636944747963
130.078542,83.84279475982532,130.03438615716752,83.92317602875671,0.2868424775478343
130.245141,83.84279475982532,130.2059354792746,83.97236472589415,0.2866218111912202
130.413378,83.84279475982532,130.37748480138168,84.02151561493942,0.2864016932622504
130.580371,83.84279475982532,130.54903412348875,84.0706287897919,0.28618212162852597
130.746635,83.84279475982532,130.72058344559585,84.11970434398599,0.28596309416789556
130.913243,83.84279475982532,130.89213276770292,84.16874237069291,0.2857446087683988
131.080246,84.5414847161572,131.06368208981002,84.21774296272247,0.2855266633282105
131.246519,84.5414847161572,131.23523141191708,84.26670621252474,0.28530925575558425
131.413352,84.5414847161572,131.40678073402415,84.31563221219183,0.28509238396879755
131.579668,84.5414847161572,131.57833005613125,84.36452105345964,0.28487604589609605
131.746296,84.5414847161572,131.74987937823832,84.41337282770938,0.2846602394756395
131.913276,84.5414847161572,131.92142870034542,84.46218762596958,0.28444496265544655
132.079462,84.5414847161572,132.09297802245248,84.5109655389174,0.28423021339334126
132.246134,84.5414847161572,132.26452734455958,84.55970665688069,0.2840159896568987
132.412648,84.5414847161572,132.43607666666665,84.60841106983933,0.2838022894233925
132.579303,84.5414847161572,132.60762598877372,84.65707886742712,0.2835891106797406
132.745871,84.5414847161572,132.77917531088082,84.7057101389333,0.28337645142245316
132.912803,84.5414847161572,132.95072463298789,84.7543049733042,0.2831643096575804
133.079129,84.5414847161572,133.12227395509498,84.80286345914499,0.28295268340065965
133.246219,84.5414847161572,133.29382327720205,84.85138568472111,0.2827415706766642
133.412352,84.5414847161572,133.46537259930915,84.8998717379601,0.2825309695199516
133.578868,85.24017467248908,133.63692192141622,84.94832170645303,0.28232087797421274
133.745964,85.24017467248908,133.8084712435233,84.99673567745619,0.28211129409242064
133.911948,85.24017467248908,133.98002056563038,85.04511373789263,0.28190221593678
134.078749,85.24017467248908,134.15156988773745,85.09345597435376,0.28169364157867766
134.245847,85.24017467248908,134.32311920984455,85.14176247310095,0.28148556909863176
134.411975,85.24017467248908,134.49466853195162,85.19003332006704,0.2812779965862427
134.578853,85.24017467248908,134.66621785405871,85.23826860085795,0.28107092214014373
134.745421,85.24017467248908,134.83776717616578,85.2864684007541,0.2808643438679522
134.911768,85.24017467248908,135.00931649827288,85.33463280471217,0.2806582598862204
135.078857,85.24017467248908,135.18086582037995,85.38276189736642,0.28045266832038757
135.509897,85.24017467248908,135.35241514248702,85.4308557630303,0.28024756730473177
135.676523,85.24017467248908,135.52396446459412,85.47891448569797,0.28004295498232196
135.843132,85.24017467248908,135.69551378670118,85.52693814904578,0.27983882950497074
136.009686,85.24017467248908,135.86706310880828,85.57492683643372,0.2796351890331869
136.176283,85.93886462882095,136.03861243091535,85.62288063090703,0.2794320317361286
136.343647,85.93886462882095,136.21016175302245,85.67079961519761,0.2792293557915569
136.509515,85.93886462882095,136.38171107512952,85.71868387172542,0.27902715938578915
136.676266,85.93886462882095,136.55326039723658,85.76653348260008,0.27882544071365317
136.842768,85.93886462882095,136.72480971934368,85.81434852962224,0.2786241979784411
137.00935,85.93886462882095,136.89635904145075,85.86212909428501,0.2784234293918648
137.176027,85.93886462882095,137.06790836355785,85.90987525777554,0.2782231331740094
137.342609,85.93886462882095,137.23945768566492,85.95758710097623,0.2780233075532891
137.509161,85.93886462882095,137.411007007772,86.00526470446636,0.2778239507664026
137.675854,85.93886462882095,137.58255632987908,86.0529081485234,0.27762506105828827
137.842475,85.93886462882095,137.75410565198618,86.10051751312444,0.2774266366820801
138.009008,85.93886462882095,137.92565497409325,86.14809287794759,0.2772286758990644
138.175616,85.93886462882095,138.09720429620032,86.19563432237342,0.27703117697863516
138.342239,85.93886462882095,138.26875361830741,86.24314192548626,0.27683413819825164
138.508781,85.93886462882095,138.44030294041448,86.29061576607562,0.27663755784339494
138.675817,86.63755458515283,138.61185226252158,86.33805592263764,0.276441434207525
138.842021,86.63755458515283,138.78340158462865,86.38546247337631,0.2762457655920385
139.008658,86.63755458515283,138.95495090673575,86.43283549620494,0.2760505503062261
139.175273,86.63755458515283,139.12650022884281,86.4801750687475,0.27585578666723065
139.341977,86.63755458515283,139.29804955094988,86.52748126833987,0.27566147300000554
139.508537,86.63755458515283,139.46959887305698,86.5747541720313,0.2754676076372725
139.675186,86.63755458515283,139.64114819516405,86.62199385658568,0.27527418891948124
139.841782,86.63755458515283,139.81269751727115,86.6692003984828,0.27508121519476764
140.008383,86.63755458515283,139.98424683937822,86.71637387391984,0.27488868481891326
140.174961,86.63755458515283,140.1557961614853,86.76351435881246,0.27469659615530495
140.343578,86.63755458515283,140.32734548359238,86.81062192879627,0.2745049475748943
140.509831,86.63755458515283,140.49889480569948,86.85769665922807,0.27431373745615734
140.677279,86.63755458515283,140.67044412780655,86.9047386251871,0.27412296418505533
140.843037,86.63755458515283,140.84199344991362,86.95174790147634,0.27393262615499475
141.009699,86.63755458515283,141.0135427720207,86.99872456262386,0.27374272176678777
141.176322,86.63755458515283,141.18509209412778,87.04566868288397,0.2735532494286137
141.342829,87.33624454148472,141.35664141623488,87.09258033623854,0.2733642075559795
141.50938,87.33624454148472,141.52819073834195,87.13945959639825,0.2731755945716817
141.676132,87.33624454148472,141.69974006044905,87.18630653680387,0.27298740890576717
141.842794,87.33624454148472,141.8712893825561,87.23312123062739,0.2727996489954959
142.009632,87.33624454148472,142.04283870466318,87.27990375077337,0.2726123132853023
142.17586,87.33624454148472,142.21438802677028,87.32665416988019,0.2724254002267575
142.342544,87.33624454148472,142.38593734887735,87.37337256032107,0.27223890827853225
142.509447,87.33624454148472,142.55748667098445,87.42005899420555,0.2720528359063593
142.675858,87.33624454148472,142.72903599309151,87.46671354338048,0.2718671815829964
142.842326,87.33624454148472,142.9005853151986,87.51333627943137,0.2716819437881892
143.009036,87.33624454148472,143.07213463730568,87.55992727368353,0.27149712100863505
143.175205,87.33624454148472,143.24368395941275,87.60648659720319,0.27131271173794624
143.342523,87.33624454148472,143.41523328151985,87.65301432079883,0.27112871447661374
143.509014,87.33624454148472,143.58678260362692,87.69951051502225,0.27094512773197144
143.675643,87.33624454148472,143.758331925734,87.74597525016976,0.2707619500181602
143.842071,88.0349344978166,143.92988124784108,87.79240859628334,0.27057917985609237
144.008579,88.0349344978166,144.10143056994818,87.83881062315183,0.2703968157734162
144.175223,88.0349344978166,144.27297989205525,87.88518140031208,0.2702148563044809
144.341983,88.0349344978166,144.44452921416234,87.93152099705006,0.27003329999030157
144.508271,88.0349344978166,144.6160785362694,87.977829482402,0.2698521453785245
144.675155,88.0349344978166,144.78762785837648,88.02410692515562,0.2696713910233925
144.841835,88.0349344978166,144.95917718048358,88.0703533938511,0.26949103548571074
145.008135,88.0349344978166,145.13072650259065,88.11656895678232,0.26931107733281245
145.439715,88.0349344978166,145.30227582469774,88.16275368199796,0.26913151513852507
145.606289,88.0349344978166,145.4738251468048,88.20890763730259,0.2689523474831362
145.772862,88.0349344978166,145.6453744689119,88.25503089025777,0.2687735729533606
145.939488,88.0349344978166,145.81692379101898,88.30112350818318,0.26859519014230626
146.106085,88.0349344978166,145.98847311312605,88.34718555815763,0.26841719764944166
146.273073,88.0349344978166,146.16002243523315,88.39321710702032,0.2682395940805625
146.439257,88.73362445414847,146.3315717573402,88.43921822137175,0.2680623780477591
146.60586,88.73362445414847,146.5031210794473,88.48518896757484,0.2678855481693838
146.772587,88.73362445414847,146.67467040155438,88.53112941175608,0.26770910307001833
146.939224,88.73362445414847,146.84621972366148,88.5770396198065,0.2675330413804419
147.105861,88.73362445414847,147.01776904576855,88.62291965738281,0.26735736173759905
147.272493,88.73362445414847,147.18931836787564,88.66876958990836,0.26718206278456774
147.438988,88.73362445414847,147.3608676899827,88.7145894825743,0.26700714317052776
147.605562,88.73362445414847,147.53241701208978,88.76037940034054,0.26683260155072924
147.772206,88.73362445414847,147.70396633419688,88.80613940793681,0.2666584365864614
147.938834,88.73362445414847,147.87551565630395,88.85186956986374,0.2664846469450213
148.105387,88.73362445414847,148.04706497841104,88.89756995039379,0.26631123129968304
148.272087,88.73362445414847,148.2186143005181,88.94324061357237,0.2661381883296671
148.438519,88.73362445414847,148.3901636226252,88.98888162321884,0.2659655167201094
148.605123,88.73362445414847,148.56171294473228,89.03449304292747,0.2657932151620312
148.771875,88.73362445414847,148.73326226683935,89.08007493606843,0.26562128235230886
148.938426,88.73362445414847,148.90481158894644,89.12562736578894,0.2654497169936438
149.105075,89.43231441048034,149.0763609110535,89.17115039501411,0.2652785177945322
149.271706,89.43231441048034,149.2479102331606,89.216644086448,0.26510768346923586
149.438199,89.43231441048034,149.41945955526768,89.26210850257458,0.2649372127377526
149.604807,89.43231441048034,149.59100887737478,89.30754370565873,0.26476710432578643
149.771457,89.43231441048034,149.76255819948184,89.35294975774727,0.2645973569647186
149.938057,89.43231441048034,149.93410752158894,89.39832672066979,0.2644279693915788
150.104693,89.43231441048034,150.105656843696,89.4436746560397,0.26425894034901604
150.2731,89.43231441048034,150.27720616580308,89.48899362525529,0.26409026858526996
150.439736,89.43231441048034,150.44875548791018,89.5342836895005,0.2639219528541422
150.606117,89.43231441048034,150.62030481001725,89.57954490974598,0.26375399191496834
150.772821,89.43231441048034,150.79185413212434,89.62477734675007,0.26358638453258926
150.939324,89.43231441048034,150.9634034542314,89.66998106105959,0.2634191294773236
151.105867,89.43231441048034,151.1349527763385,89.71515611301096,0.2632522255249394
151.273052,89.43231441048034,151.30650209844558,89.760302562731,0.26308567145662637
151.439142,89.43231441048034,151.47805142055265,89.80542047013795,0.26291946605896876
151.605731,90.13100436681222,151.64960074265974,89.85050989494233,0.2627536081239175
151.772419,90.13100436681222,151.8211500647668,89.89557089664785,0.26258809644876313
151.939015,90.13100436681222,151.9926993868739,89.94060353455241,0.26242292983610854
152.105607,90.13100436681222,152.16424870898098,89.98560786774891,0.26225810709384223
152.272401,90.13100436681222,152.33579803108807,90.03058395512619,0.2620936270351113
152.438496,90.13100436681222,152.50734735319514,90.07553185536995,0.2619294884782949
152.605761,90.13100436681222,152.67889667530224,90.12045162696366,0.2617656902469777
152.772058,90.13100436681222,152.8504459974093,90.16534332818935,0.26160223116992354
152.938616,90.13100436681222,153.02199531951638,90.21020701712865,0.2614391100810491
153.105676,90.13100436681222,153.19354464162348,90.25504275166355,0.26127632581939814
153.271912,90.13100436681222,153.36509396373054,90.29985058947729,0.2611138772291153
153.438861,90.13100436681222,153.53664328583764,90.34463058805527,0.2609517631594204
153.605243,90.13100436681222,153.7081926079447,90.38938280468597,0.26078998246458307
153.771862,90.13100436681222,153.8797419300518,90.43410729646169,0.26062853400389663
153.938308,90.13100436681222,154.05129125215888,90.47880412027946,0.26046741664165385
154.105011,90.13100436681222,154.22284057426594,90.52347333284196,0.26030662924712045
154.27174,90.8296943231441,154.39438989637304,90.5681149906583,0.26014617069451096
154.437709,90.8296943231441,154.5659392184801,90.61272915004484,0.2599860398629637
154.637702,90.8296943231441,154.7374885405872,90.65731586712619,0.25982623563651563
154.804586,90.8296943231441,154.90903786269428,90.70187519783576,0.25966675690407814
154.971213,90.8296943231441,155.08058718480137,90.74640719791694,0.25950760255941213
155.13813,90.8296943231441,155.25213650690844,90.79091192292368,0.2593487715011041
155.56933,90.8296943231441,155.4236858290155,90.83538942822139,0.25919026263254163
155.735936,90.8296943231441,155.5952351511226,90.87983976898778,0.25903207486188945
155.902593,90.8296943231441,155.76678447322968,90.92426300021367,0.25887420710206543
156.069209,90.8296943231441,155.93833379533677,90.96865917670384,0.25871665827071666
156.235808,90.8296943231441,156.10988311744384,91.01302835307767,0.258559427290196
156.402366,90.8296943231441,156.28143243955094,91.05737058377022,0.25840251308753837
156.569065,90.8296943231441,156.452981761658,91.10168592303279,0.2582459145944373
156.735612,90.8296943231441,156.6245310837651,91.14597442493384,0.25808963074722185
156.902271,91.52838427947596,156.79608040587217,91.19023614335974,0.2579336604868331
157.068997,91.52838427947596,156.96762972797924,91.23447113201563,0.2577780027588014
157.235502,91.52838427947596,157.13917905008634,91.27867944442605,0.2576226565132235
157.402074,91.52838427947596,157.3107283721934,91.3228611339359,0.2574676207047396
157.568629,91.52838427947596,157.4822776943005,91.36701625371113,0.25731289429251075
157.735207,91.52838427947596,157.65382701640758,91.41114485673947,0.2571584762401962
157.901878,91.52838427947596,157.82537633851467,91.45524699583129,0.25700436551593153
158.068504,91.52838427947596,157.99692566062174,91.49932272362031,0.25685056109230564
158.235059,91.52838427947596,158.1684749827288,91.5433720925644,0.256697061946339
158.401618,91.52838427947596,158.3400243048359,91.58739515494634,0.25654386705946164
158.568283,91.52838427947596,158.51157362694298,91.63139196287446,0.25639097541749123
158.734912,91.52838427947596,158.68312294905007,91.67536256828356,0.25623838601061105
158.901473,91.52838427947596,158.85467227115714,91.71930702293557,0.2560860978333488
159.068233,91.52838427947596,159.02622159326424,91.76322537842026,0.2559341098845544
159.234713,91.52838427947596,159.1977709153713,91.80711768615609,0.25578242116737915
159.40128,91.52838427947596,159.3693202374784,91.85098399739084,0.25563103068925425
159.567958,91.52838427947596,159.54086955958547,91.89482436320236,0.2554799374618693
159.734509,92.22707423580786,159.71241888169254,91.93863883449934,0.2553291405011518
159.901177,92.22707423580786,159.88396820379964,91.98242746202209,0.25517863882724556
160.067778,92.22707423580786,160.0555175259067,92.02619029634302,0.25502843146449045
160.234417,92.22707423580786,160.2270668480138,92.06992738786768,0.25487851744140105
160.402632,92.22707423580786,160.39861617012087,92.11363878683522,0.2547288957906467
160.569747,92.22707423580786,160.57016549222797,92.15732454331929,0.2545795655490305
160.735947,92.22707423580786,160.74171481433504,92.20098470722857,0.25443052575746905
160.902454,92.22707423580786,160.9132641364421,92.24461932830759,0.2542817754609724
161.06962,92.22707423580786,161.0848134585492,92.28822845613743,0.25413331370862335
161.235817,92.22707423580786,161.25636278065627,92.33181214013638,0.253985139553558
161.402669,92.22707423580786,161.42791210276337,92.3753704295606,0.2538372520529455
161.569013,92.22707423580786,161.59946142487044,92.4189033735049,0.25368965026796814
161.735772,92.22707423580786,161.77101074697754,92.46241102090333,0.25354233326380193
161.902621,92.22707423580786,161.9425600690846,92.50589342053001,0.2533953001095964
162.068987,92.22707423580786,162.1141093911917,92.5493506209996,0.25324854987845585
162.235336,92.22707423580786,162.28565871329877,92.59278267076814,0.25310208164741926
162.402031,92.92576419213974,162.45720803540584,92.6361896181337,0.25295589449744144
162.568633,92.92576419213974,162.62875735751294,92.67957151123694,0.2528099875133737
162.735256,92.92576419213974,162.80030667962,92.72292839806197,0.2526643597839444
162.901947,92.92576419213974,162.9718560017271,92.76626032643681,0.2525190104017407
163.06862,92.92576419213974,163.14340532383417,92.80956734403419,0.25237393846318895
163.235035,92.92576419213974,163.31495464594127,92.85284949837215,0.25222914306853633
163.401662,92.92576419213974,163.48650396804834,92.89610683681471,0.2520846233218321
163.568342,92.92576419213974,163.6580532901554,92.93933940657249,0.25194037833090893
163.734846,92.92576419213974,163.8296026122625,92.98254725470343,0.2517964072073643
163.901534,92.92576419213974,164.00115193436957,93.02573042811332,0.25165270906654247
164.067993,92.92576419213974,164.17270125647667,93.0688889735566,0.2515092830275159
164.235003,92.92576419213974,164.34425057858374,93.1120229376368,0.25136612821306736
164.401222,92.92576419213974,164.51579990069084,93.15513236680736,0.25122324374967137
164.568198,92.92576419213974,164.6873492227979,93.19821730737216,0.25108062876747667
164.734236,92.92576419213974,164.85889854490497,93.24127780548616,0.2509382824002882
164.901093,93.6244541484716,165.03044786701207,93.28431390715605,0.25079620378554923
165.067692,93.6244541484716,165.20199718911914,93.32732565824084,0.2506543920643237
165.499193,93.6244541484716,165.37354651122624,93.37031310445253,0.25051284638127874
165.665735,93.6244541484716,165.5450958333333,93.41327629135665,0.25037156588466686
165.832415,93.6244541484716,165.7166451554404,93.456215264373,0.25023054972630887
165.998991,93.6244541484716,165.88819447754747,93.4991300687761,0.25008979706157647
166.16561,93.6244541484716,166.05974379965457,93.54202074969591,0.2499493070493749
166.332242,93.6244541484716,166.23129312176164,93.58488735211839,0.2498090788521259
166.498771,93.6244541484716,166.4028424438687,93.62772992088615,0.24966911163575076
166.665695,93.6244541484716,166.5743917659758,93.67054850069897,0.24952940456965317
166.83196,93.6244541484716,166.74594108808287,93.71334313611447,0.2493899568267026
166.99856,93.6244541484716,166.91749041018997,93.75611387154865,0.24925076758321726
167.165267,93.6244541484716,167.08903973229704,93.7988607512765,0.2491118360189477
167.331871,93.6244541484716,167.26058905440414,93.84158381943263,0.24897316131706004
167.498513,93.6244541484716,167.4321383765112,93.88428312001176,0.24883474266411962
167.665065,93.6244541484716,167.60368769861827,93.9269586968694,0.2486965792500743
167.831648,94.32314410480348,167.77523702072537,93.9696105937224,0.24855867026823855
167.998388,94.32314410480348,167.94678634283244,94.01223885414939,0.24842101491527693
168.164919,94.32314410480348,168.11833566493954,94.05484352159165,0.248283612391188
168.331596,94.32314410480348,168.2898849870466,94.09742463935339,0.24814646189928832
168.498136,94.32314410480348,168.4614343091537,94.13998225060244,0.2480095626461964
168.664772,94.32314410480348,168.63298363126077,94.18251639837086,0.24787291384181687
168.831263,94.32314410480348,168.80453295336787,94.22502712555544,0.24773651469932464
168.99793,94.32314410480348,168.97608227547494,94.26751447491817,0.24760036443514927
169.164629,94.32314410480348,169.147631597582,94.30997848908706,0.24746446226895905
169.331371,94.32314410480348,169.3191809196891,94.35241921055642,0.2473288074236458
169.497907,94.32314410480348,169.49073024179617,94.39483668168754,0.24719339912530933
169.664311,94.32314410480348,169.66227956390327,94.43723094470926,0.24705823660324172
169.830859,94.32314410480348,169.83382888601034,94.47960204171841,0.2469233190899126
169.997563,94.32314410480348,170.00537820811743,94.5219500146805,0.24678864582095322
170.165947,94.32314410480348,170.1769275302245,94.56427490543014,0.24665421603514195
170.332511,94.32314410480348,170.34847685233157,94.60657675567163,0.24652002897438885
170.499428,94.32314410480348,170.52002617443867,94.64885560697948,0.2463860838837207
170.665945,95.02183406113537,170.69157549654574,94.69111150079897,0.24625238001126637
170.832381,95.02183406113537,170.86312481865284,94.73334447844664,0.24611891660824156
170.999252,95.02183406113537,171.0346741407599,94.77555458111087,0.24598569292893444
171.165788,95.02183406113537,171.206223462867,94.81774184985233,0.24585270823069078
171.331948,95.02183406113537,171.37777278497407,94.85990632560457,0.24571996177389946
171.499144,95.02183406113537,171.54932210708117,94.90204804917457,0.2455874528219778
171.665322,95.02183406113537,171.72087142918824,94.9441670612431,0.24545518064135743
171.831974,95.02183406113537,171.8924207512953,94.98626340236548,0.2453231445014695
171.998243,95.02183406113537,172.0639700734024,95.02833711297185,0.24519134367473067
172.198477,95.02183406113537,172.23551939550947,95.07038823336784,0.24505977743652899
172.364861,95.02183406113537,172.40706871761657,95.11241680373499,0.24492844506520944
172.532101,95.02183406113537,172.57861803972364,95.15442286413132,0.24479734584206023
172.698464,95.02183406113537,172.75016736183073,95.19640645449184,0.2446664790512985
172.864877,95.02183406113537,172.9217166839378,95.23836761462891,0.24453584398005668
173.031885,95.02183406113537,173.09326600604487,95.28030638423297,0.2444054399183684
173.19805,95.02183406113537,173.26481532815197,95.32222280287289,0.24427526615915485
173.36468,95.02183406113537,173.43636465025904,95.36411690999638,0.2441453219982112
173.531649,95.02183406113537,173.60791397236613,95.40598874493072,0.2440156067341927
173.698135,95.02183406113537,173.7794632944732,95.44783834688306,0.2438861196686014
173.864962,95.72052401746724,173.9510126165803,95.48966575494099,0.24375686010577244
174.0313,95.72052401746724,174.12256193868737,95.53147100807296,0.24362782735286093
174.197733,95.72052401746724,174.29411126079447,95.57325414512883,0.24349902071982824
174.364784,95.72052401746724,174.46566058290153,95.61501520484033,0.2433704395194291
174.531062,95.72052401746724,174.6372099050086,95.65675422582153,0.2432420830671981
174.697414,95.72052401746724,174.8087592271157,95.69847124656933,0.24311395068143674
174.864169,95.72052401746724,174.98030854922277,95.74016630546387,0.24298604168320037
175.030785,95.72052401746724,175.15185787132987,95.78183944076913,0.24285835539628506
175.462557,95.72052401746724,175.32340719343694,95.82349069063324,0.24273089114721486
175.628842,95.72052401746724,175.49495651554403,95.86512009308909,0.24260364826522868
175.795467,95.72052401746724,175.6665058376511,95.9067276860547,0.2424766260822679
175.96213,95.72052401746724,175.83805515975817,95.94831350733372,0.24234982393296317
176.128752,95.72052401746724,176.00960448186527,95.98987759461595,0.2422232411546222
176.295381,95.72052401746724,176.18115380397234,96.0314199854776,0.24209687708721683
176.461945,95.72052401746724,176.35270312607943,96.07294071738202,0.2419707310733707
176.628508,96.41921397379912,176.5242524481865,96.11443982767993,0.2418448024583467
176.79509,96.41921397379912,176.6958017702936,96.15591735360996,0.24171909059003455
176.961697,96.41921397379912,176.86735109240067,96.19737333229915,0.24159359481893866
177.128384,96.41921397379912,177.03890041450774,96.23880780076328,0.2414683144981656
177.294934,96.41921397379912,177.21044973661483,96.28022079590743,0.2413432489834121
177.461571,96.41921397379912,177.3819990587219,96.32161235452631,0.24121839763295283
177.628086,96.41921397379912,177.553548380829,96.36298251330483,0.24109375980762823
177.794707,96.41921397379912,177.72509770293607,96.40433130881843,0.24096933487083277
177.961398,96.41921397379912,177.89664702504317,96.44565877753357,0.24084512218850262
178.128035,96.41921397379912,178.06819634715023,96.48696495580813,0.24072112112910413
178.294612,96.41921397379912,178.23974566925733,96.52824987989197,0.24059733106362172
178.461116,96.41921397379912,178.4112949913644,96.56951358592707,0.24047375136554636
178.627768,96.41921397379912,178.58284431347147,96.61075610994834,0.24035038141086357
178.794343,96.41921397379912,178.75439363557857,96.65197748788374,0.2402272205780421
178.961004,96.41921397379912,178.92594295768563,96.69317775555483,0.24010426824802208
179.12762,96.41921397379912,179.09749227979273,96.73435694867725,0.2399815238042036
179.294265,96.41921397379912,179.2690416018998,96.77551510286096,0.23985898663243532
179.460807,96.41921397379912,179.4405909240069,96.8166522536109,0.239736656121003
179.627362,96.41921397379912,179.61214024611397,96.85776843632715,0.23961453166061802
179.793967,97.117903930131,179.78368956822104,96.89886368630559,0.23949261264440633
179.9607,97.117903930131,179.95523889032813,96.93993803873812,0.23937089846789708
180.127298,97.117903930131,180.1267882124352,96.98099152871319,0.2392493885290114
180.295654,97.117903930131,180.2983375345423,97.02202419121615,0.2391280822280515
180.462264,97.117903930131,180.46988685664937,97.06303606112965,0.23900697896768935
180.628778,97.117903930131,180.64143617875646,97.10402717323414,0.2388860781529559
180.795483,97.117903930131,180.81298550086353,97.14499756220815,0.23876537919122992
180.962046,97.117903930131,180.98453482297063,97.18594726262876,0.23864488149222737
181.128604,97.117903930131,181.1560841450777,97.22687630897198,0.2385245844679903
181.295821,97.117903930131,181.32763346718477,97.26778473561319,0.2384044875328763
181.461908,97.117903930131,181.49918278929186,97.30867257682745,0.2382845901035476
181.62878,97.117903930131,181.67073211139893,97.34953986678997,0.23816489159896054
181.795108,97.117903930131,181.84228143350603,97.3903866395765,0.23804539144035497
181.961622,97.117903930131,182.0138307556131,97.43121292916365,0.23792608905124352
182.128326,97.117903930131,182.1853800777202,97.47201876942938,0.23780698385740123
182.294893,97.117903930131,182.35692939982727,97.51280419415332,0.23768807528685515
182.461437,97.117903930131,182.52847872193433,97.55356923701713,0.2375693627698738
182.628447,97.81659388646288,182.70002804404143,97.59431393160497,0.237450845738957
182.794315,97.81659388646288,182.8715773661485,97.63503831140385,0.2373325236288254
182.961218,97.81659388646288,183.0431266882556,97.67574240980393,0.2372143958764103
183.12829,97.81659388646288,183.21467601036267,97.71642626009901,0.23709646192084366
183.294647,97.81659388646288,183.38622533246976,97.7570898954869,0.2369787212034476
183.461231,97.81659388646288,183.55777465457683,97.79773334906966,0.23686117316772473
183.627687,97.81659388646288,183.72932397668393,97.83835665385415,0.2367438172593477
183.794228,97.81659388646288,183.900873298791,97.8789598427523,0.2366266529261497
183.961288,97.81659388646288,184.07242262089807,97.91954294858147,0.23650967961811403
184.12758,97.81659388646288,184.24397194300516,97.96010600406487,0.23639289678736464
184.294121,97.81659388646288,184.41552126511223,98.00064904183193,0.23627630388815604
184.461004,97.81659388646288,184.58707058721933,98.04117209441861,0.23615990037686363
184.627433,97.81659388646288,184.7586199093264,98.08167519426782,0.23604368571197404
184.794246,97.81659388646288,184.9301692314335,98.12215837372969,0.23592765935407525
184.960582,97.81659388646288,185.10171855354056,98.16262166506206,0.23581182076584725
185.126919,97.81659388646288,185.27326787564763,98.20306510043076,0.23569616941205215
185.55869,97.81659388646288,185.44481719775473,98.24348871190996,0.2355807047595249
185.725346,98.51528384279476,185.6163665198618,98.28389253148256,0.23546542627716366
185.891929,98.51528384279476,185.7879158419689,98.3242765910405,0.23535033343592046
186.058455,98.51528384279476,185.95946516407597,98.36464092238518,0.23523542570879175
186.225038,98.51528384279476,186.13101448618306,98.40498555722772,0.2351207025708091
186.391668,98.51528384279476,186.30256380829013,98.44531052718936,0.23500616349902992
186.558309,98.51528384279476,186.47411313039723,98.48561586380188,0.23489180797252818
186.72502,98.51528384279476,186.6456624525043,98.52590159850777,0.23477763547238517
186.891488,98.51528384279476,186.81721177461137,98.56616776266071,0.23466364548168056
187.058245,98.51528384279476,186.98876109671846,98.60641438752589,0.23454983748548297
187.22467,98.51528384279476,187.16031041882553,98.64664150428032,0.23443621097084122
187.391317,98.51528384279476,187.33185974093263,98.68684914401314,0.23432276542677516
187.557946,98.51528384279476,187.5034090630397,98.7270373377261,0.2342095003442667
187.72463,98.51528384279476,187.6749583851468,98.7672061163337,0.23409641521625096
187.891176,98.51528384279476,187.84650770725386,98.80735551066365,0.23398350953760735
188.057717,98.51528384279476,188.01805702936093,98.8474855514572,0.23387078280515078
188.224376,98.51528384279476,188.18960635146803,98.88759626936945,0.23375823451762273
188.390965,98.51528384279476,188.3611556735751,98.92768769496958,0.23364586417568278
188.557605,98.51528384279476,188.5327049956822,98.96775985874139,0.23353367128189964
188.724315,98.51528384279476,188.70425431778926,99.00781279108345,0.2334216553407427
188.89082,99.21397379912663,188.87580363989636,99.0478465223095,0.2333098158585732
189.057487,99.21397379912663,189.04735296200343,99.08786108264874,0.2331981523436359
189.224027,99.21397379912663,189.2189022841105,99.12785650224619,0.2330866643060504
189.390635,99.21397379912663,189.3904516062176,99.16783281116298,0.23297535125780278
189.557269,99.21397379912663,189.56200092832466,99.2077900393767,0.23286421271273702
189.723932,99.21397379912663,189.73355025043176,99.24772821678164,0.23275324818654672
189.890482,99.21397379912663,189.90509957253883,99.28764737318927,0.2326424571967666
190.057022,99.21397379912663,190.07664889464593,99.32754753832839,0.23253183926276444
190.223629,99.21397379912663,190.248198216753,99.36742874184544,0.23242139390573258
190.392278,99.21397379912663,190.4197475388601,99.40729101330503,0.2323111206486797
190.558549,99.21397379912663,190.59129686096716,99.44713438218992,0.2322010190164229
190.725666,99.21397379912663,190.76284618307423,99.48695887790166,0.23209108853557914
190.891703,99.21397379912663,190.93439550518133,99.52676452976067,0.23198132873455746
191.058481,99.21397379912663,191.1059448272884,99.56655136700662,0.23187173914355086
191.225337,99.21397379912663,191.2774941493955,99.60631941879876,0.23176231929452812
191.391528,99.21397379912663,191.44904347150256,99.64606871421621,0.23165306872122599
191.558241,99.21397379912663,191.62059279360966,99.68579928225822,0.23154398695914105
191.725248,99.21397379912663,191.79214211571673,99.72551115184453,0.23143507354552212
191.891474,99.21397379912663,191.9636914378238,99.76520435181561,0.2313263280193621
192.058056,99.21397379912663,192.1352407599309,99.80487891093306,0.23121774992139021
192.224801,99.91266375545852,192.30679008203796,99.84453485787978,0.23110933879406428
192.391435,99.91266375545852,192.47833940414506,99.88417222126036,0.2310010941815631
192.557851,99.91266375545852,192.64988872625213,99.92379102960133,0.23089301562977824
192.725023,99.91266375545852,192.82143804835923,99.96339131135146,0.2307851026863071
192.89112,99.91266375545852,192.9929873704663,100.00297309488207,0.2306773549004446
193.057781,99.91266375545852,193.1645366925734,100.04253640848728,0.230569771823176
193.224284,99.91266375545852,193.33608601468046,100.08208128038433,0.23046235300716927
193.390931,99.91266375545852,193.50763533678753,100.12160773871392,0.2303550980067674
193.557613,99.91266375545852,193.67918465889463,100.16111581154036,0.2302480063779811
193.724219,99.91266375545852,193.8507339810017,100.200605526852,0.23014107767848124
193.890731,99.91266375545852,194.0222833031088,100.24007691256143,0.23003431146759162
194.057741,99.91266375545852,194.19383262521586,100.27952999650577,0.22992770730628134
194.223941,99.91266375545852,194.36538194732296,100.31896480644697,0.2298212647571577
194.390168,99.91266375545852,194.53693126943003,100.3583813700721,0.22971498338445873
194.557132,99.91266375545852,194.7084805915371,100.3977797149936,0.229608862754046
194.723862,99.91266375545852,194.8800299136442,100.43715986874957,0.2295029024333974
194.890345,99.91266375545852,195.05157923575126,100.47652185880408,0.22939710199160007
195.057005,99.91266375545852,195.22312855785836,100.51586571254738,0.22929146099934294
195.488448,100.6113537117904,195.39467787996543,100.5551914572962,0.22918597902890991
195.655123,100.6113537117904,195.56622720207253,100.59449912029409,0.22908065565417254
195.82163,100.6113537117904,195.7377765241796,100.63378872871155,0.22897549045058324
195.988295,100.6113537117904,195.9093258462867,100.67306030964646,0.2288704829951681
196.154926,100.6113537117904,196.08087516839376,100.71231389012426,0.22876563286651982
196.321584,100.6113537117904,196.25242449050083,100.7515494970982,0.22866093964479098
196.488081,100.6113537117904,196.42397381260793,100.79076715744964,0.22855640291168705
196.654742,100.6113537117904,196.595523134715,100.82996689798833,0.22845202225045946
196.8212,100.6113537117904,196.7670724568221,100.86914874545268,0.22834779724589874
196.987973,100.6113537117904,196.93862177892916,100.90831272650996,0.2282437274843279
197.154584,100.6113537117904,197.11017110103626,100.94745886775664,0.22813981255359542
197.321196,100.6113537117904,197.28172042314333,100.9865871957186,0.22803605204306862
197.48779,100.6113537117904,197.4532697452504,101.0256977368514,0.227932445543627
197.654369,100.6113537117904,197.6248190673575,101.06479051754054,0.22782899264765538
197.820995,100.6113537117904,197.79636838946456,101.10386556410178,0.22772569294903755
197.987605,100.6113537117904,197.96791771157166,101.14292290278127,0.22762254604314933
198.154157,100.6113537117904,198.13946703367873,101.18196255975587,0.22751955152685233
198.320938,100.6113537117904,198.31101635578582,101.22098456113348,0.22741670899848712
198.487398,100.6113537117904,198.4825656778929,101.25998893295315,0.22731401805786683
198.654115,101.31004366812226,198.654115,101.29897570118547,0.22721147830627067
